Workbook

Sheet Cy11_2020_44Dists_02-07
B3: SPC Cycle 11 - Population, Households and Employment
B4: 2020
E6: Employment | K6: Population & Households
B7: District | C7: District Name | E7: Total | F7: Manuf | G7: Retail | H7: Service | I7: Other | K7: Total Pop | L7: GrpQtr Pop | M7: HH Pop | N7: Households | O7: HH Size
B8: 1 | C8: Pittsburgh Chateau Area | E8: =SUM(F8:I8) -> 14140 | F8: 345 | G8: 515 | H8: 12247 | I8: 1033 | K8: =L8+M8 -> 10331 | L8: 2233 | M8: 8098 | N8: 3574 | O8: =IF((N8=0),(0),(M8/N8)) -> 2.2658086
B9: 2 | C9: Pittsburgh Lower North Side | E9: =SUM(F9:I9) -> 17282 | F9: 829 | G9: 1075 | H9: 13324 | I9: 2054 | K9: =L9+M9 -> 6650 | L9: 190 | M9: 6460 | N9: 3895 | O9: =IF((N9=0),(0),(M9/N9)) -> 1.6585366
B10: 3 | C10: Pittsburgh Upper North Side | E10: =SUM(F10:I10) -> 7147 | F10: 687 | G10: 402 | H10: 5781 | I10: 277 | K10: =L10+M10 -> 22299 | L10: 418 | M10: 21881 | N10: 9961 | O10: =IF((N10=0),(0),(M10/N10)) -> 2.196667
B11: 4 | C11: Allegheny County Northwest | E11: =SUM(F11:I11) -> 21135 | F11: 1637 | G11: 3527 | H11: 14070 | I11: 1901 | K11: =L11+M11 -> 37885 | L11: 640 | M11: 37245 | N11: 17082 | O11: =IF((N11=0),(0),(M11/N11)) -> 2.1803653
B12: 5 | C12: Allegheny County North (remainder) | E12: =SUM(F12:I12) -> 158121 | F12: 8953 | G12: 31001 | H12: 101676 | I12: 16491 | K12: =L12+M12 -> 248001 | L12: 3016 | M12: 244985 | N12: 102428 | O12: =IF((N12=0),(0),(M12/N12)) -> 2.3917776
B13: 6 | C13: Hazelwood | E13: =SUM(F13:I13) -> 2662 | F13: 102 | G13: 104 | H13: 2255 | I13: 201 | K13: =L13+M13 -> 7593 | L13: 241 | M13: 7352 | N13: 3204 | O13: =IF((N13=0),(0),(M13/N13)) -> 2.2946317
B14: 7 | C14: Squirrel Hill | E14: =SUM(F14:I14) -> 10766 | F14: 203 | G14: 1599 | H14: 8664 | I14: 300 | K14: =L14+M14 -> 31688 | L14: 832 | M14: 30856 | N14: 13875 | O14: =IF((N14=0),(0),(M14/N14)) -> 2.2238559
B15: 8 | C15: Oakland | E15: =SUM(F15:I15) -> 70025 | F15: 257 | G15: 3274 | H15: 65199 | I15: 1295 | K15: =L15+M15 -> 26083 | L15: 9834 | M15: 16249 | N15: 7506 | O15: =IF((N15=0),(0),(M15/N15)) -> 2.1648015
B16: 9 | C16: South Side | E16: =SUM(F16:I16) -> 14412 | F16: 662 | G16: 3895 | H16: 8653 | I16: 1202 | K16: =L16+M16 -> 10961 | L16: 144 | M16: 10817 | N16: 5308 | O16: =IF((N16=0),(0),(M16/N16)) -> 2.0378674
B17: 10 | C17: Shadyside | E17: =SUM(F17:I17) -> 8188 | F17: 96 | G17: 2069 | H17: 5785 | I17: 238 | K17: =L17+M17 -> 13665 | L17: 671 | M17: 12994 | N17: 7466 | O17: =IF((N17=0),(0),(M17/N17)) -> 1.7404233
B18: 11 | C18: Waterfront (West Homestead Homestead Munhall(part)) | E18: =SUM(F18:I18) -> 7639 | F18: 213 | G18: 3993 | H18: 2998 | I18: 435 | K18: =L18+M18 -> 6715 | L18: 32 | M18: 6683 | N18: 3063 | O18: =IF((N18=0),(0),(M18/N18)) -> 2.1818479
B19: 12 | C19: Downtown | E19: =SUM(F19:I19) -> 131985 | F19: 982 | G19: 6224 | H19: 121973 | I19: 2806 | K19: =L19+M19 -> 4590 | L19: 1182 | M19: 3408 | N19: 2289 | O19: =IF((N19=0),(0),(M19/N19)) -> 1.4888598
... B51: 44 | C51: Allegheny County Southcentral | E51: =SUM(F51:I51) -> 76401 | F51: 2182 | G51: 13226 | H51: 55512 | I51: 5481 | K51: =L51+M51 -> 132724 | L51: 1393 | M51: 131331 | N51: 56900 | O51: =IF((N51=0),(0),(M51/N51)) -> 2.3081019
C52: Total | E52: =SUM(E8:E51) -> 1627656 | F52: =SUM(F8:F51) -> 96787 | G52: =SUM(G8:G51) -> 265960 | H52: =SUM(H8:H51) -> 1080302 | I52: =SUM(I8:I51) -> 184607 | K52: =L52+M52 -> 2553202 | L52: =SUM(L8:L51) -> 75817 | M52: =SUM(M8:M51) -> 2477385 | N52: =SUM(N8:N51) -> 1071272 | O52: =IF((N52=0),(0),(M52/N52)) -> 2.3125639

Sheet Cy11_2045_44Dists_02-07
B3: SPC Cycle 11 - Population, Households and Employment
B4: 2045
E6: Employment | K6: Population & Households
B7: District | C7: District Name | E7: Total | F7: Manuf | G7: Retail | H7: Service | I7: Other | K7: Total Pop | L7: GrpQtr Pop | M7: HH Pop | N7: Households | O7: HH Size
B8: 1 | C8: Pittsburgh Chateau Area | E8: =SUM(F8:I8) -> 14680 | F8: 179 | G8: 595 | H8: 12857 | I8: 1049 | K8: =L8+M8 -> 11674 | L8: 2233 | M8: 9441 | N8: 4563 | O8: =IF((N8=0),(0),(M8/N8)) -> 2.0690335
B9: 2 | C9: Pittsburgh Lower North Side | E9: =SUM(F9:I9) -> 16957 | F9: 474 | G9: 1024 | H9: 13370 | I9: 2089 | K9: =L9+M9 -> 7032 | L9: 190 | M9: 6842 | N9: 4490 | O9: =IF((N9=0),(0),(M9/N9)) -> 1.5238307
B10: 3 | C10: Pittsburgh Upper North Side | E10: =SUM(F10:I10) -> 7828 | F10: 403 | G10: 432 | H10: 6533 | I10: 460 | K10: =L10+M10 -> 24296 | L10: 418 | M10: 23878 | N10: 11226 | O10: =IF((N10=0),(0),(M10/N10)) -> 2.1270265
B11: 4 | C11: Allegheny County Northwest | E11: =SUM(F11:I11) -> 22614 | F11: 1258 | G11: 3484 | H11: 15403 | I11: 2469 | K11: =L11+M11 -> 41003 | L11: 640 | M11: 40363 | N11: 18839 | O11: =IF((N11=0),(0),(M11/N11)) -> 2.1425235
B12: 5 | C12: Allegheny County North (remainder) | E12: =SUM(F12:I12) -> 172769 | F12: 6579 | G12: 32546 | H12: 117354 | I12: 16290 | K12: =L12+M12 -> 288310 | L12: 3016 | M12: 285294 | N12: 122209 | O12: =IF((N12=0),(0),(M12/N12)) -> 2.3344762
B13: 6 | C13: Hazelwood | E13: =SUM(F13:I13) -> 13974 | F13: 1444 | G13: 111 | H13: 12183 | I13: 236 | K13: =L13+M13 -> 16632 | L13: 241 | M13: 16391 | N13: 7229 | O13: =IF((N13=0),(0),(M13/N13)) -> 2.2673952
B14: 7 | C14: Squirrel Hill | E14: =SUM(F14:I14) -> 11840 | F14: 128 | G14: 1700 | H14: 9661 | I14: 351 | K14: =L14+M14 -> 38478 | L14: 832 | M14: 37646 | N14: 16296 | O14: =IF((N14=0),(0),(M14/N14)) -> 2.3101375
B15: 8 | C15: Oakland | E15: =SUM(F15:I15) -> 72433 | F15: 109 | G15: 3082 | H15: 67926 | I15: 1316 | K15: =L15+M15 -> 28405 | L15: 9834 | M15: 18571 | N15: 8430 | O15: =IF((N15=0),(0),(M15/N15)) -> 2.2029656
B16: 9 | C16: South Side | E16: =SUM(F16:I16) -> 15610 | F16: 307 | G16: 4225 | H16: 9880 | I16: 1198 | K16: =L16+M16 -> 13121 | L16: 144 | M16: 12977 | N16: 6129 | O16: =IF((N16=0),(0),(M16/N16)) -> 2.1173111
B17: 10 | C17: Shadyside | E17: =SUM(F17:I17) -> 7966 | F17: 58 | G17: 1927 | H17: 5682 | I17: 299 | K17: =L17+M17 -> 16417 | L17: 671 | M17: 15746 | N17: 8539 | O17: =IF((N17=0),(0),(M17/N17)) -> 1.8440098
B18: 11 | C18: Waterfront (West Homestead Homestead Munhall(part)) | E18: =SUM(F18:I18) -> 7841 | F18: 154 | G18: 3974 | H18: 3246 | I18: 467 | K18: =L18+M18 -> 7177 | L18: 32 | M18: 7145 | N18: 3311 | O18: =IF((N18=0),(0),(M18/N18)) -> 2.1579583
B19: 12 | C19: Downtown | E19: =SUM(F19:I19) -> 150418 | F19: 463 | G19: 7382 | H19: 139744 | I19: 2829 | K19: =L19+M19 -> 7121 | L19: 1182 | M19: 5939 | N19: 3849 | O19: =IF((N19=0),(0),(M19/N19)) -> 1.5429982
... B51: 44 | C51: Allegheny County Southcentral | E51: =SUM(F51:I51) -> 83788 | F51: 1685 | G51: 13922 | H51: 62844 | I51: 5337 | K51: =L51+M51 -> 145293 | L51: 1393 | M51: 143900 | N51: 63531 | O51: =IF((N51=0),(0),(M51/N51)) -> 2.265036
C52: Total | E52: =SUM(E8:E51) -> 1766356 | F52: =SUM(F8:F51) -> 74193 | G52: =SUM(G8:G51) -> 275242 | H52: =SUM(H8:H51) -> 1230053 | I52: =SUM(I8:I51) -> 186868 | K52: =L52+M52 -> 2856957 | L52: =SUM(L8:L51) -> 75817 | M52: =SUM(M8:M51) -> 2781140 | N52: =SUM(N8:N51) -> 1228456 | O52: =IF((N52=0),(0),(M52/N52)) -> 2.2639313

Sheet Cy11_Diff2020to2045_02-07
B3: SPC Cycle 11 - Population, Households and Employment
B4: Change - 2020 to 2045
E6: Change in Employment | K6: Change in Population & Households
B7: District | C7: District Name | E7: Total | F7: Manuf | G7: Retail | H7: Service | I7: Other | K7: Total Pop | L7: GrpQtr Pop | M7: HH Pop | N7: Households | O7: HH Size
B8: 1 | C8: Pittsburgh Chateau Area | E8: ='Cy11_2045_44Dists_02-07'!E8-'Cy11_2020_44Dists_02-07'!E8 -> 540 | F8: ='Cy11_2045_44Dists_02-07'!F8-'Cy11_2020_44Dists_02-07'!F8 -> -166 | G8: ='Cy11_2045_44Dists_02-07'!G8-'Cy11_2020_44Dists_02-07'!G8 -> 80 | H8: ='Cy11_2045_44Dists_02-07'!H8-'Cy11_2020_44Dists_02-07'!H8 -> 610 | I8: ='Cy11_2045_44Dists_02-07'!I8-'Cy11_2020_44Dists_02-07'!I8 -> 16 | K8: ='Cy11_2045_44Dists_02-07'!K8-'Cy11_2020_44Dists_02-07'!K8 -> 1343 | L8: ='Cy11_2045_44Dists_02-07'!L8-'Cy11_2020_44Dists_02-07'!L8 -> 0 | M8: ='Cy11_2045_44Dists_02-07'!M8-'Cy11_2020_44Dists_02-07'!M8 -> 1343 | N8: ='Cy11_2045_44Dists_02-07'!N8-'Cy11_2020_44Dists_02-07'!N8 -> 989 | O8: ='Cy11_2045_44Dists_02-07'!O8-'Cy11_2020_44Dists_02-07'!O8 -> -0.19677509
B9: 2 | C9: Pittsburgh Lower North Side | E9: ='Cy11_2045_44Dists_02-07'!E9-'Cy11_2020_44Dists_02-07'!E9 -> -325 | F9: ='Cy11_2045_44Dists_02-07'!F9-'Cy11_2020_44Dists_02-07'!F9 -> -355 | G9: ='Cy11_2045_44Dists_02-07'!G9-'Cy11_2020_44Dists_02-07'!G9 -> -51 | H9: ='Cy11_2045_44Dists_02-07'!H9-'Cy11_2020_44Dists_02-07'!H9 -> 46 | I9: ='Cy11_2045_44Dists_02-07'!I9-'Cy11_2020_44Dists_02-07'!I9 -> 35 | K9: ='Cy11_2045_44Dists_02-07'!K9-'Cy11_2020_44Dists_02-07'!K9 -> 382 | L9: ='Cy11_2045_44Dists_02-07'!L9-'Cy11_2020_44Dists_02-07'!L9 -> 0 | M9: ='Cy11_2045_44Dists_02-07'!M9-'Cy11_2020_44Dists_02-07'!M9 -> 382 | N9: ='Cy11_2045_44Dists_02-07'!N9-'Cy11_2020_44Dists_02-07'!N9 -> 595 | O9: ='Cy11_2045_44Dists_02-07'!O9-'Cy11_2020_44Dists_02-07'!O9 -> -0.13470585
B10: 3 | C10: Pittsburgh Upper North Side | E10: ='Cy11_2045_44Dists_02-07'!E10-'Cy11_2020_44Dists_02-07'!E10 -> 681 | F10: ='Cy11_2045_44Dists_02-07'!F10-'Cy11_2020_44Dists_02-07'!F10 -> -284 | G10: ='Cy11_2045_44Dists_02-07'!G10-'Cy11_2020_44Dists_02-07'!G10 -> 30 | H10: ='Cy11_2045_44Dists_02-07'!H10-'Cy11_2020_44Dists_02-07'!H10 -> 752 | I10: ='Cy11_2045_44Dists_02-07'!I10-'Cy11_2020_44Dists_02-07'!I10 -> 183 | K10: ='Cy11_2045_44Dists_02-07'!K10-'Cy11_2020_44Dists_02-07'!K10 -> 1997 | L10: ='Cy11_2045_44Dists_02-07'!L10-'Cy11_2020_44Dists_02-07'!L10 -> 0 | M10: ='Cy11_2045_44Dists_02-07'!M10-'Cy11_2020_44Dists_02-07'!M10 -> 1997 | N10: ='Cy11_2045_44Dists_02-07'!N10-'Cy11_2020_44Dists_02-07'!N10 -> 1265 | O10: ='Cy11_2045_44Dists_02-07'!O10-'Cy11_2020_44Dists_02-07'!O10 -> -0.069640456
B11: 4 | C11: Allegheny County Northwest | E11: ='Cy11_2045_44Dists_02-07'!E11-'Cy11_2020_44Dists_02-07'!E11 -> 1479 | F11: ='Cy11_2045_44Dists_02-07'!F11-'Cy11_2020_44Dists_02-07'!F11 -> -379 | G11: ='Cy11_2045_44Dists_02-07'!G11-'Cy11_2020_44Dists_02-07'!G11 -> -43 | H11: ='Cy11_2045_44Dists_02-07'!H11-'Cy11_2020_44Dists_02-07'!H11 -> 1333 | I11: ='Cy11_2045_44Dists_02-07'!I11-'Cy11_2020_44Dists_02-07'!I11 -> 568 | K11: ='Cy11_2045_44Dists_02-07'!K11-'Cy11_2020_44Dists_02-07'!K11 -> 3118 | L11: ='Cy11_2045_44Dists_02-07'!L11-'Cy11_2020_44Dists_02-07'!L11 -> 0 | M11: ='Cy11_2045_44Dists_02-07'!M11-'Cy11_2020_44Dists_02-07'!M11 -> 3118 | N11: ='Cy11_2045_44Dists_02-07'!N11-'Cy11_2020_44Dists_02-07'!N11 -> 1757 | O11: ='Cy11_2045_44Dists_02-07'!O11-'Cy11_2020_44Dists_02-07'!O11 -> -0.037841808
B12: 5 | C12: Allegheny County North (remainder) | E12: ='Cy11_2045_44Dists_02-07'!E12-'Cy11_2020_44Dists_02-07'!E12 -> 14648 | F12: ='Cy11_2045_44Dists_02-07'!F12-'Cy11_2020_44Dists_02-07'!F12 -> -2374 | G12: ='Cy11_2045_44Dists_02-07'!G12-'Cy11_2020_44Dists_02-07'!G12 -> 1545 | H12: ='Cy11_2045_44Dists_02-07'!H12-'Cy11_2020_44Dists_02-07'!H12 -> 15678 | I12: ='Cy11_2045_44Dists_02-07'!I12-'Cy11_2020_44Dists_02-07'!I12 -> -201 | K12: ='Cy11_2045_44Dists_02-07'!K12-'Cy11_2020_44Dists_02-07'!K12 -> 40309 | L12: ='Cy11_2045_44Dists_02-07'!L12-'Cy11_2020_44Dists_02-07'!L12 -> 0 | M12: ='Cy11_2045_44Dists_02-07'!M12-'Cy11_2020_44Dists_02-07'!M12 -> 40309 | N12: ='Cy11_2045_44Dists_02-07'!N12-'Cy11_2020_44Dists_02-07'!N12 -> 19781 | O12: ='Cy11_2045_44Dists_02-07'!O12-'Cy11_2020_44Dists_02-07'!O12 -> -0.057301455
B13: 6 | C13: Hazelwood | E13: ='Cy11_2045_44Dists_02-07'!E13-'Cy11_2020_44Dists_02-07'!E13 -> 11312 | F13: ='Cy11_2045_44Dists_02-07'!F13-'Cy11_2020_44Dists_02-07'!F13 -> 1342 | G13: ='Cy11_2045_44Dists_02-07'!G13-'Cy11_2020_44Dists_02-07'!G13 -> 7 | H13: ='Cy11_2045_44Dists_02-07'!H13-'Cy11_2020_44Dists_02-07'!H13 -> 9928 | I13: ='Cy11_2045_44Dists_02-07'!I13-'Cy11_2020_44Dists_02-07'!I13 -> 35 | K13: ='Cy11_2045_44Dists_02-07'!K13-'Cy11_2020_44Dists_02-07'!K13 -> 9039 | L13: ='Cy11_2045_44Dists_02-07'!L13-'Cy11_2020_44Dists_02-07'!L13 -> 0 | M13: ='Cy11_2045_44Dists_02-07'!M13-'Cy11_2020_44Dists_02-07'!M13 -> 9039 | N13: ='Cy11_2045_44Dists_02-07'!N13-'Cy11_2020_44Dists_02-07'!N13 -> 4025 | O13: ='Cy11_2045_44Dists_02-07'!O13-'Cy11_2020_44Dists_02-07'!O13 -> -0.027236497
B14: 7 | C14: Squirrel Hill | E14: ='Cy11_2045_44Dists_02-07'!E14-'Cy11_2020_44Dists_02-07'!E14 -> 1074 | F14: ='Cy11_2045_44Dists_02-07'!F14-'Cy11_2020_44Dists_02-07'!F14 -> -75 | G14: ='Cy11_2045_44Dists_02-07'!G14-'Cy11_2020_44Dists_02-07'!G14 -> 101 | H14: ='Cy11_2045_44Dists_02-07'!H14-'Cy11_2020_44Dists_02-07'!H14 -> 997 | I14: ='Cy11_2045_44Dists_02-07'!I14-'Cy11_2020_44Dists_02-07'!I14 -> 51 | K14: ='Cy11_2045_44Dists_02-07'!K14-'Cy11_2020_44Dists_02-07'!K14 -> 6790 | L14: ='Cy11_2045_44Dists_02-07'!L14-'Cy11_2020_44Dists_02-07'!L14 -> 0 | M14: ='Cy11_2045_44Dists_02-07'!M14-'Cy11_2020_44Dists_02-07'!M14 -> 6790 | N14: ='Cy11_2045_44Dists_02-07'!N14-'Cy11_2020_44Dists_02-07'!N14 -> 2421 | O14: ='Cy11_2045_44Dists_02-07'!O14-'Cy11_2020_44Dists_02-07'!O14 -> 0.086281601
B15: 8 | C15: Oakland | E15: ='Cy11_2045_44Dists_02-07'!E15-'Cy11_2020_44Dists_02-07'!E15 -> 2408 | F15: ='Cy11_2045_44Dists_02-07'!F15-'Cy11_2020_44Dists_02-07'!F15 -> -148 | G15: ='Cy11_2045_44Dists_02-07'!G15-'Cy11_2020_44Dists_02-07'!G15 -> -192 | H15: ='Cy11_2045_44Dists_02-07'!H15-'Cy11_2020_44Dists_02-07'!H15 -> 2727 | I15: ='Cy11_2045_44Dists_02-07'!I15-'Cy11_2020_44Dists_02-07'!I15 -> 21 | K15: ='Cy11_2045_44Dists_02-07'!K15-'Cy11_2020_44Dists_02-07'!K15 -> 2322 | L15: ='Cy11_2045_44Dists_02-07'!L15-'Cy11_2020_44Dists_02-07'!L15 -> 0 | M15: ='Cy11_2045_44Dists_02-07'!M15-'Cy11_2020_44Dists_02-07'!M15 -> 2322 | N15: ='Cy11_2045_44Dists_02-07'!N15-'Cy11_2020_44Dists_02-07'!N15 -> 924 | O15: ='Cy11_2045_44Dists_02-07'!O15-'Cy11_2020_44Dists_02-07'!O15 -> 0.038164107
B16: 9 | C16: South Side | E16: ='Cy11_2045_44Dists_02-07'!E16-'Cy11_2020_44Dists_02-07'!E16 -> 1198 | F16: ='Cy11_2045_44Dists_02-07'!F16-'Cy11_2020_44Dists_02-07'!F16 -> -355 | G16: ='Cy11_2045_44Dists_02-07'!G16-'Cy11_2020_44Dists_02-07'!G16 -> 330 | H16: ='Cy11_2045_44Dists_02-07'!H16-'Cy11_2020_44Dists_02-07'!H16 -> 1227 | I16: ='Cy11_2045_44Dists_02-07'!I16-'Cy11_2020_44Dists_02-07'!I16 -> -4 | K16: ='Cy11_2045_44Dists_02-07'!K16-'Cy11_2020_44Dists_02-07'!K16 -> 2160 | L16: ='Cy11_2045_44Dists_02-07'!L16-'Cy11_2020_44Dists_02-07'!L16 -> 0 | M16: ='Cy11_2045_44Dists_02-07'!M16-'Cy11_2020_44Dists_02-07'!M16 -> 2160 | N16: ='Cy11_2045_44Dists_02-07'!N16-'Cy11_2020_44Dists_02-07'!N16 -> 821 | O16: ='Cy11_2045_44Dists_02-07'!O16-'Cy11_2020_44Dists_02-07'!O16 -> 0.079443774
B17: 10 | C17: Shadyside | E17: ='Cy11_2045_44Dists_02-07'!E17-'Cy11_2020_44Dists_02-07'!E17 -> -222 | F17: ='Cy11_2045_44Dists_02-07'!F17-'Cy11_2020_44Dists_02-07'!F17 -> -38 | G17: ='Cy11_2045_44Dists_02-07'!G17-'Cy11_2020_44Dists_02-07'!G17 -> -142 | H17: ='Cy11_2045_44Dists_02-07'!H17-'Cy11_2020_44Dists_02-07'!H17 -> -103 | I17: ='Cy11_2045_44Dists_02-07'!I17-'Cy11_2020_44Dists_02-07'!I17 -> 61 | K17: ='Cy11_2045_44Dists_02-07'!K17-'Cy11_2020_44Dists_02-07'!K17 -> 2752 | L17: ='Cy11_2045_44Dists_02-07'!L17-'Cy11_2020_44Dists_02-07'!L17 -> 0 | M17: ='Cy11_2045_44Dists_02-07'!M17-'Cy11_2020_44Dists_02-07'!M17 -> 2752 | N17: ='Cy11_2045_44Dists_02-07'!N17-'Cy11_2020_44Dists_02-07'!N17 -> 1073 | O17: ='Cy11_2045_44Dists_02-07'!O17-'Cy11_2020_44Dists_02-07'!O17 -> 0.10358659
B18: 11 | C18: Waterfront (West Homestead Homestead Munhall(part)) | E18: ='Cy11_2045_44Dists_02-07'!E18-'Cy11_2020_44Dists_02-07'!E18 -> 202 | F18: ='Cy11_2045_44Dists_02-07'!F18-'Cy11_2020_44Dists_02-07'!F18 -> -59 | G18: ='Cy11_2045_44Dists_02-07'!G18-'Cy11_2020_44Dists_02-07'!G18 -> -19 | H18: ='Cy11_2045_44Dists_02-07'!H18-'Cy11_2020_44Dists_02-07'!H18 -> 248 | I18: ='Cy11_2045_44Dists_02-07'!I18-'Cy11_2020_44Dists_02-07'!I18 -> 32 | K18: ='Cy11_2045_44Dists_02-07'!K18-'Cy11_2020_44Dists_02-07'!K18 -> 462 | L18: ='Cy11_2045_44Dists_02-07'!L18-'Cy11_2020_44Dists_02-07'!L18 -> 0 | M18: ='Cy11_2045_44Dists_02-07'!M18-'Cy11_2020_44Dists_02-07'!M18 -> 462 | N18: ='Cy11_2045_44Dists_02-07'!N18-'Cy11_2020_44Dists_02-07'!N18 -> 248 | O18: ='Cy11_2045_44Dists_02-07'!O18-'Cy11_2020_44Dists_02-07'!O18 -> -0.023889541
B19: 12 | C19: Downtown | E19: ='Cy11_2045_44Dists_02-07'!E19-'Cy11_2020_44Dists_02-07'!E19 -> 18433 | F19: ='Cy11_2045_44Dists_02-07'!F19-'Cy11_2020_44Dists_02-07'!F19 -> -519 | G19: ='Cy11_2045_44Dists_02-07'!G19-'Cy11_2020_44Dists_02-07'!G19 -> 1158 | H19: ='Cy11_2045_44Dists_02-07'!H19-'Cy11_2020_44Dists_02-07'!H19 -> 17771 | I19: ='Cy11_2045_44Dists_02-07'!I19-'Cy11_2020_44Dists_02-07'!I19 -> 23 | K19: ='Cy11_2045_44Dists_02-07'!K19-'Cy11_2020_44Dists_02-07'!K19 -> 2531 | L19: ='Cy11_2045_44Dists_02-07'!L19-'Cy11_2020_44Dists_02-07'!L19 -> 0 | M19: ='Cy11_2045_44Dists_02-07'!M19-'Cy11_2020_44Dists_02-07'!M19 -> 2531 | N19: ='Cy11_2045_44Dists_02-07'!N19-'Cy11_2020_44Dists_02-07'!N19 -> 1560 | O19: ='Cy11_2045_44Dists_02-07'!O19-'Cy11_2020_44Dists_02-07'!O19 -> 0.054138417
... B51: 44 | C51: Allegheny County Southcentral | E51: ='Cy11_2045_44Dists_02-07'!E51-'Cy11_2020_44Dists_02-07'!E51 -> 7387 | F51: ='Cy11_2045_44Dists_02-07'!F51-'Cy11_2020_44Dists_02-07'!F51 -> -497 | G51: ='Cy11_2045_44Dists_02-07'!G51-'Cy11_2020_44Dists_02-07'!G51 -> 696 | H51: ='Cy11_2045_44Dists_02-07'!H51-'Cy11_2020_44Dists_02-07'!H51 -> 7332 | I51: ='Cy11_2045_44Dists_02-07'!I51-'Cy11_2020_44Dists_02-07'!I51 -> -144 | K51: ='Cy11_2045_44Dists_02-07'!K51-'Cy11_2020_44Dists_02-07'!K51 -> 12569 | L51: ='Cy11_2045_44Dists_02-07'!L51-'Cy11_2020_44Dists_02-07'!L51 -> 0 | M51: ='Cy11_2045_44Dists_02-07'!M51-'Cy11_2020_44Dists_02-07'!M51 -> 12569 | N51: ='Cy11_2045_44Dists_02-07'!N51-'Cy11_2020_44Dists_02-07'!N51 -> 6631 | O51: ='Cy11_2045_44Dists_02-07'!O51-'Cy11_2020_44Dists_02-07'!O51 -> -0.043065967
C52: Total | E52: =SUM(E8:E51) -> 138700 | F52: =SUM(F8:F51) -> -22594 | G52: =SUM(G8:G51) -> 9282 | H52: =SUM(H8:H51) -> 149751 | I52: =SUM(I8:I51) -> 2261 | K52: =L52+M52 -> 303755 | L52: =SUM(L8:L51) -> 0 | M52: =SUM(M8:M51) -> 303755 | N52: =SUM(N8:N51) -> 157184 | O52: ='Cy11_2045_44Dists_02-07'!O52-'Cy11_2020_44Dists_02-07'!O52 -> -0.048632634

Sheet Cy11_PercentDiff20to45_02-07
B3: SPC Cycle 11 - Population, Households and Employment
B4: Percent Change - 2020 to 2045
E6: Percent Change in Employment | K6: Percent Change in Population & Households
B7: District | C7: District Name | E7: Total | F7: Manuf | G7: Retail | H7: Service | I7: Other | K7: Total Pop | L7: GrpQtr Pop | M7: HH Pop | N7: Households | O7: HH Size
B8: 1 | C8: Pittsburgh Chateau Area | E8: =IF(('Cy11_2020_44Dists_02-07'!E8=0),(0),(('Cy11_2045_44Dists_02-07'!E8/'Cy11_2020_44Dists_02-07'!E8)-1)) -> 0.038189533 | F8: =IF(('Cy11_2020_44Dists_02-07'!F8=0),(0),(('Cy11_2045_44Dists_02-07'!F8/'Cy11_2020_44Dists_02-07'!F8)-1)) -> -0.48115942 | G8: =IF(('Cy11_2020_44Dists_02-07'!G8=0),(0),(('Cy11_2045_44Dists_02-07'!G8/'Cy11_2020_44Dists_02-07'!G8)-1)) -> 0.15533981 | H8: =IF(('Cy11_2020_44Dists_02-07'!H8=0),(0),(('Cy11_2045_44Dists_02-07'!H8/'Cy11_2020_44Dists_02-07'!H8)-1)) -> 0.049808116 | I8: =IF(('Cy11_2020_44Dists_02-07'!I8=0),(0),(('Cy11_2045_44Dists_02-07'!I8/'Cy11_2020_44Dists_02-07'!I8)-1)) -> 0.015488867 | K8: =IF(('Cy11_2020_44Dists_02-07'!K8=0),(0),(('Cy11_2045_44Dists_02-07'!K8/'Cy11_2020_44Dists_02-07'!K8)-1)) -> 0.1299971 | L8: =IF(('Cy11_2020_44Dists_02-07'!L8=0),(0),(('Cy11_2045_44Dists_02-07'!L8/'Cy11_2020_44Dists_02-07'!L8)-1)) -> 0 | M8: =IF(('Cy11_2020_44Dists_02-07'!M8=0),(0),(('Cy11_2045_44Dists_02-07'!M8/'Cy11_2020_44Dists_02-07'!M8)-1)) -> 0.16584342 | N8: =IF(('Cy11_2020_44Dists_02-07'!N8=0),(0),(('Cy11_2045_44Dists_02-07'!N8/'Cy11_2020_44Dists_02-07'!N8)-1)) -> 0.27672076 | O8: =IF(('Cy11_2020_44Dists_02-07'!O8=0),(0),(('Cy11_2045_44Dists_02-07'!O8/'Cy11_2020_44Dists_02-07'!O8)-1)) -> -0.086845414
B9: 2 | C9: Pittsburgh Lower North Side | E9: =IF(('Cy11_2020_44Dists_02-07'!E9=0),(0),(('Cy11_2045_44Dists_02-07'!E9/'Cy11_2020_44Dists_02-07'!E9)-1)) -> -0.018805694 | F9: =IF(('Cy11_2020_44Dists_02-07'!F9=0),(0),(('Cy11_2045_44Dists_02-07'!F9/'Cy11_2020_44Dists_02-07'!F9)-1)) -> -0.42822678 | G9: =IF(('Cy11_2020_44Dists_02-07'!G9=0),(0),(('Cy11_2045_44Dists_02-07'!G9/'Cy11_2020_44Dists_02-07'!G9)-1)) -> -0.04744186 | H9: =IF(('Cy11_2020_44Dists_02-07'!H9=0),(0),(('Cy11_2045_44Dists_02-07'!H9/'Cy11_2020_44Dists_02-07'!H9)-1)) -> 0.0034524167 | I9: =IF(('Cy11_2020_44Dists_02-07'!I9=0),(0),(('Cy11_2045_44Dists_02-07'!I9/'Cy11_2020_44Dists_02-07'!I9)-1)) -> 0.017039922 | K9: =IF(('Cy11_2020_44Dists_02-07'!K9=0),(0),(('Cy11_2045_44Dists_02-07'!K9/'Cy11_2020_44Dists_02-07'!K9)-1)) -> 0.057443609 | L9: =IF(('Cy11_2020_44Dists_02-07'!L9=0),(0),(('Cy11_2045_44Dists_02-07'!L9/'Cy11_2020_44Dists_02-07'!L9)-1)) -> 0 | M9: =IF(('Cy11_2020_44Dists_02-07'!M9=0),(0),(('Cy11_2045_44Dists_02-07'!M9/'Cy11_2020_44Dists_02-07'!M9)-1)) -> 0.059133127 | N9: =IF(('Cy11_2020_44Dists_02-07'!N9=0),(0),(('Cy11_2045_44Dists_02-07'!N9/'Cy11_2020_44Dists_02-07'!N9)-1)) -> 0.15275995 | O9: =IF(('Cy11_2020_44Dists_02-07'!O9=0),(0),(('Cy11_2045_44Dists_02-07'!O9/'Cy11_2020_44Dists_02-07'!O9)-1)) -> -0.081219704
B10: 3 | C10: Pittsburgh Upper North Side | E10: =IF(('Cy11_2020_44Dists_02-07'!E10=0),(0),(('Cy11_2045_44Dists_02-07'!E10/'Cy11_2020_44Dists_02-07'!E10)-1)) -> 0.095284735 | F10: =IF(('Cy11_2020_44Dists_02-07'!F10=0),(0),(('Cy11_2045_44Dists_02-07'!F10/'Cy11_2020_44Dists_02-07'!F10)-1)) -> -0.41339156 | G10: =IF(('Cy11_2020_44Dists_02-07'!G10=0),(0),(('Cy11_2045_44Dists_02-07'!G10/'Cy11_2020_44Dists_02-07'!G10)-1)) -> 0.074626866 | H10: =IF(('Cy11_2020_44Dists_02-07'!H10=0),(0),(('Cy11_2045_44Dists_02-07'!H10/'Cy11_2020_44Dists_02-07'!H10)-1)) -> 0.1300813 | I10: =IF(('Cy11_2020_44Dists_02-07'!I10=0),(0),(('Cy11_2045_44Dists_02-07'!I10/'Cy11_2020_44Dists_02-07'!I10)-1)) -> 0.66064982 | K10: =IF(('Cy11_2020_44Dists_02-07'!K10=0),(0),(('Cy11_2045_44Dists_02-07'!K10/'Cy11_2020_44Dists_02-07'!K10)-1)) -> 0.089555585 | L10: =IF(('Cy11_2020_44Dists_02-07'!L10=0),(0),(('Cy11_2045_44Dists_02-07'!L10/'Cy11_2020_44Dists_02-07'!L10)-1)) -> 0 | M10: =IF(('Cy11_2020_44Dists_02-07'!M10=0),(0),(('Cy11_2045_44Dists_02-07'!M10/'Cy11_2020_44Dists_02-07'!M10)-1)) -> 0.091266396 | N10: =IF(('Cy11_2020_44Dists_02-07'!N10=0),(0),(('Cy11_2045_44Dists_02-07'!N10/'Cy11_2020_44Dists_02-07'!N10)-1)) -> 0.12699528 | O10: =IF(('Cy11_2020_44Dists_02-07'!O10=0),(0),(('Cy11_2045_44Dists_02-07'!O10/'Cy11_2020_44Dists_02-07'!O10)-1)) -> -0.031702782
B11: 4 | C11: Allegheny County Northwest | E11: =IF(('Cy11_2020_44Dists_02-07'!E11=0),(0),(('Cy11_2045_44Dists_02-07'!E11/'Cy11_2020_44Dists_02-07'!E11)-1)) -> 0.069978708 | F11: =IF(('Cy11_2020_44Dists_02-07'!F11=0),(0),(('Cy11_2045_44Dists_02-07'!F11/'Cy11_2020_44Dists_02-07'!F11)-1)) -> -0.23152108 | G11: =IF(('Cy11_2020_44Dists_02-07'!G11=0),(0),(('Cy11_2045_44Dists_02-07'!G11/'Cy11_2020_44Dists_02-07'!G11)-1)) -> -0.012191664 | H11: =IF(('Cy11_2020_44Dists_02-07'!H11=0),(0),(('Cy11_2045_44Dists_02-07'!H11/'Cy11_2020_44Dists_02-07'!H11)-1)) -> 0.094740583 | I11: =IF(('Cy11_2020_44Dists_02-07'!I11=0),(0),(('Cy11_2045_44Dists_02-07'!I11/'Cy11_2020_44Dists_02-07'!I11)-1)) -> 0.29879011 | K11: =IF(('Cy11_2020_44Dists_02-07'!K11=0),(0),(('Cy11_2045_44Dists_02-07'!K11/'Cy11_2020_44Dists_02-07'!K11)-1)) -> 0.082301703 | L11: =IF(('Cy11_2020_44Dists_02-07'!L11=0),(0),(('Cy11_2045_44Dists_02-07'!L11/'Cy11_2020_44Dists_02-07'!L11)-1)) -> 0 | M11: =IF(('Cy11_2020_44Dists_02-07'!M11=0),(0),(('Cy11_2045_44Dists_02-07'!M11/'Cy11_2020_44Dists_02-07'!M11)-1)) -> 0.083715935 | N11: =IF(('Cy11_2020_44Dists_02-07'!N11=0),(0),(('Cy11_2045_44Dists_02-07'!N11/'Cy11_2020_44Dists_02-07'!N11)-1)) -> 0.10285681 | O11: =IF(('Cy11_2020_44Dists_02-07'!O11=0),(0),(('Cy11_2045_44Dists_02-07'!O11/'Cy11_2020_44Dists_02-07'!O11)-1)) -> -0.017355719
B12: 5 | C12: Allegheny County North (remainder) | E12: =IF(('Cy11_2020_44Dists_02-07'!E12=0),(0),(('Cy11_2045_44Dists_02-07'!E12/'Cy11_2020_44Dists_02-07'!E12)-1)) -> 0.092637917 | F12: =IF(('Cy11_2020_44Dists_02-07'!F12=0),(0),(('Cy11_2045_44Dists_02-07'!F12/'Cy11_2020_44Dists_02-07'!F12)-1)) -> -0.26516252 | G12: =IF(('Cy11_2020_44Dists_02-07'!G12=0),(0),(('Cy11_2045_44Dists_02-07'!G12/'Cy11_2020_44Dists_02-07'!G12)-1)) -> 0.049837102 | H12: =IF(('Cy11_2020_44Dists_02-07'!H12=0),(0),(('Cy11_2045_44Dists_02-07'!H12/'Cy11_2020_44Dists_02-07'!H12)-1)) -> 0.15419568 | I12: =IF(('Cy11_2020_44Dists_02-07'!I12=0),(0),(('Cy11_2045_44Dists_02-07'!I12/'Cy11_2020_44Dists_02-07'!I12)-1)) -> -0.012188466 | K12: =IF(('Cy11_2020_44Dists_02-07'!K12=0),(0),(('Cy11_2045_44Dists_02-07'!K12/'Cy11_2020_44Dists_02-07'!K12)-1)) -> 0.16253563 | L12: =IF(('Cy11_2020_44Dists_02-07'!L12=0),(0),(('Cy11_2045_44Dists_02-07'!L12/'Cy11_2020_44Dists_02-07'!L12)-1)) -> 0 | M12: =IF(('Cy11_2020_44Dists_02-07'!M12=0),(0),(('Cy11_2045_44Dists_02-07'!M12/'Cy11_2020_44Dists_02-07'!M12)-1)) -> 0.1645366 | N12: =IF(('Cy11_2020_44Dists_02-07'!N12=0),(0),(('Cy11_2045_44Dists_02-07'!N12/'Cy11_2020_44Dists_02-07'!N12)-1)) -> 0.19312102 | O12: =IF(('Cy11_2020_44Dists_02-07'!O12=0),(0),(('Cy11_2045_44Dists_02-07'!O12/'Cy11_2020_44Dists_02-07'!O12)-1)) -> -0.023957685
B13: 6 | C13: Hazelwood | E13: =IF(('Cy11_2020_44Dists_02-07'!E13=0),(0),(('Cy11_2045_44Dists_02-07'!E13/'Cy11_2020_44Dists_02-07'!E13)-1)) -> 4.2494365 | F13: =IF(('Cy11_2020_44Dists_02-07'!F13=0),(0),(('Cy11_2045_44Dists_02-07'!F13/'Cy11_2020_44Dists_02-07'!F13)-1)) -> 13.156863 | G13: =IF(('Cy11_2020_44Dists_02-07'!G13=0),(0),(('Cy11_2045_44Dists_02-07'!G13/'Cy11_2020_44Dists_02-07'!G13)-1)) -> 0.067307692 | H13: =IF(('Cy11_2020_44Dists_02-07'!H13=0),(0),(('Cy11_2045_44Dists_02-07'!H13/'Cy11_2020_44Dists_02-07'!H13)-1)) -> 4.4026608 | I13: =IF(('Cy11_2020_44Dists_02-07'!I13=0),(0),(('Cy11_2045_44Dists_02-07'!I13/'Cy11_2020_44Dists_02-07'!I13)-1)) -> 0.17412935 | K13: =IF(('Cy11_2020_44Dists_02-07'!K13=0),(0),(('Cy11_2045_44Dists_02-07'!K13/'Cy11_2020_44Dists_02-07'!K13)-1)) -> 1.1904386 | L13: =IF(('Cy11_2020_44Dists_02-07'!L13=0),(0),(('Cy11_2045_44Dists_02-07'!L13/'Cy11_2020_44Dists_02-07'!L13)-1)) -> 0 | M13: =IF(('Cy11_2020_44Dists_02-07'!M13=0),(0),(('Cy11_2045_44Dists_02-07'!M13/'Cy11_2020_44Dists_02-07'!M13)-1)) -> 1.2294614 | N13: =IF(('Cy11_2020_44Dists_02-07'!N13=0),(0),(('Cy11_2045_44Dists_02-07'!N13/'Cy11_2020_44Dists_02-07'!N13)-1)) -> 1.2562422 | O13: =IF(('Cy11_2020_44Dists_02-07'!O13=0),(0),(('Cy11_2045_44Dists_02-07'!O13/'Cy11_2020_44Dists_02-07'!O13)-1)) -> -0.011869659
B14: 7 | C14: Squirrel Hill | E14: =IF(('Cy11_2020_44Dists_02-07'!E14=0),(0),(('Cy11_2045_44Dists_02-07'!E14/'Cy11_2020_44Dists_02-07'!E14)-1)) -> 0.099758499 | F14: =IF(('Cy11_2020_44Dists_02-07'!F14=0),(0),(('Cy11_2045_44Dists_02-07'!F14/'Cy11_2020_44Dists_02-07'!F14)-1)) -> -0.36945813 | G14: =IF(('Cy11_2020_44Dists_02-07'!G14=0),(0),(('Cy11_2045_44Dists_02-07'!G14/'Cy11_2020_44Dists_02-07'!G14)-1)) -> 0.063164478 | H14: =IF(('Cy11_2020_44Dists_02-07'!H14=0),(0),(('Cy11_2045_44Dists_02-07'!H14/'Cy11_2020_44Dists_02-07'!H14)-1)) -> 0.11507387 | I14: =IF(('Cy11_2020_44Dists_02-07'!I14=0),(0),(('Cy11_2045_44Dists_02-07'!I14/'Cy11_2020_44Dists_02-07'!I14)-1)) -> 0.17 | K14: =IF(('Cy11_2020_44Dists_02-07'!K14=0),(0),(('Cy11_2045_44Dists_02-07'!K14/'Cy11_2020_44Dists_02-07'!K14)-1)) -> 0.2142767 | L14: =IF(('Cy11_2020_44Dists_02-07'!L14=0),(0),(('Cy11_2045_44Dists_02-07'!L14/'Cy11_2020_44Dists_02-07'!L14)-1)) -> 0 | M14: =IF(('Cy11_2020_44Dists_02-07'!M14=0),(0),(('Cy11_2045_44Dists_02-07'!M14/'Cy11_2020_44Dists_02-07'!M14)-1)) -> 0.22005445 | N14: =IF(('Cy11_2020_44Dists_02-07'!N14=0),(0),(('Cy11_2045_44Dists_02-07'!N14/'Cy11_2020_44Dists_02-07'!N14)-1)) -> 0.17448649 | O14: =IF(('Cy11_2020_44Dists_02-07'!O14=0),(0),(('Cy11_2045_44Dists_02-07'!O14/'Cy11_2020_44Dists_02-07'!O14)-1)) -> 0.038798199
B15: 8 | C15: Oakland | E15: =IF(('Cy11_2020_44Dists_02-07'!E15=0),(0),(('Cy11_2045_44Dists_02-07'!E15/'Cy11_2020_44Dists_02-07'!E15)-1)) -> 0.034387719 | F15: =IF(('Cy11_2020_44Dists_02-07'!F15=0),(0),(('Cy11_2045_44Dists_02-07'!F15/'Cy11_2020_44Dists_02-07'!F15)-1)) -> -0.57587549 | G15: =IF(('Cy11_2020_44Dists_02-07'!G15=0),(0),(('Cy11_2045_44Dists_02-07'!G15/'Cy11_2020_44Dists_02-07'!G15)-1)) -> -0.058643861 | H15: =IF(('Cy11_2020_44Dists_02-07'!H15=0),(0),(('Cy11_2045_44Dists_02-07'!H15/'Cy11_2020_44Dists_02-07'!H15)-1)) -> 0.041825795 | I15: =IF(('Cy11_2020_44Dists_02-07'!I15=0),(0),(('Cy11_2045_44Dists_02-07'!I15/'Cy11_2020_44Dists_02-07'!I15)-1)) -> 0.016216216 | K15: =IF(('Cy11_2020_44Dists_02-07'!K15=0),(0),(('Cy11_2045_44Dists_02-07'!K15/'Cy11_2020_44Dists_02-07'!K15)-1)) -> 0.089023502 | L15: =IF(('Cy11_2020_44Dists_02-07'!L15=0),(0),(('Cy11_2045_44Dists_02-07'!L15/'Cy11_2020_44Dists_02-07'!L15)-1)) -> 0 | M15: =IF(('Cy11_2020_44Dists_02-07'!M15=0),(0),(('Cy11_2045_44Dists_02-07'!M15/'Cy11_2020_44Dists_02-07'!M15)-1)) -> 0.1429011 | N15: =IF(('Cy11_2020_44Dists_02-07'!N15=0),(0),(('Cy11_2045_44Dists_02-07'!N15/'Cy11_2020_44Dists_02-07'!N15)-1)) -> 0.12310152 | O15: =IF(('Cy11_2020_44Dists_02-07'!O15=0),(0),(('Cy11_2045_44Dists_02-07'!O15/'Cy11_2020_44Dists_02-07'!O15)-1)) -> 0.017629379
B16: 9 | C16: South Side | E16: =IF(('Cy11_2020_44Dists_02-07'!E16=0),(0),(('Cy11_2045_44Dists_02-07'!E16/'Cy11_2020_44Dists_02-07'!E16)-1)) -> 0.083125173 | F16: =IF(('Cy11_2020_44Dists_02-07'!F16=0),(0),(('Cy11_2045_44Dists_02-07'!F16/'Cy11_2020_44Dists_02-07'!F16)-1)) -> -0.53625378 | G16: =IF(('Cy11_2020_44Dists_02-07'!G16=0),(0),(('Cy11_2045_44Dists_02-07'!G16/'Cy11_2020_44Dists_02-07'!G16)-1)) -> 0.084724005 | H16: =IF(('Cy11_2020_44Dists_02-07'!H16=0),(0),(('Cy11_2045_44Dists_02-07'!H16/'Cy11_2020_44Dists_02-07'!H16)-1)) -> 0.14180053 | I16: =IF(('Cy11_2020_44Dists_02-07'!I16=0),(0),(('Cy11_2045_44Dists_02-07'!I16/'Cy11_2020_44Dists_02-07'!I16)-1)) -> -0.003327787 | K16: =IF(('Cy11_2020_44Dists_02-07'!K16=0),(0),(('Cy11_2045_44Dists_02-07'!K16/'Cy11_2020_44Dists_02-07'!K16)-1)) -> 0.19706231 | L16: =IF(('Cy11_2020_44Dists_02-07'!L16=0),(0),(('Cy11_2045_44Dists_02-07'!L16/'Cy11_2020_44Dists_02-07'!L16)-1)) -> 0 | M16: =IF(('Cy11_2020_44Dists_02-07'!M16=0),(0),(('Cy11_2045_44Dists_02-07'!M16/'Cy11_2020_44Dists_02-07'!M16)-1)) -> 0.19968568 | N16: =IF(('Cy11_2020_44Dists_02-07'!N16=0),(0),(('Cy11_2045_44Dists_02-07'!N16/'Cy11_2020_44Dists_02-07'!N16)-1)) -> 0.15467219 | O16: =IF(('Cy11_2020_44Dists_02-07'!O16=0),(0),(('Cy11_2045_44Dists_02-07'!O16/'Cy11_2020_44Dists_02-07'!O16)-1)) -> 0.03898378
B17: 10 | C17: Shadyside | E17: =IF(('Cy11_2020_44Dists_02-07'!E17=0),(0),(('Cy11_2045_44Dists_02-07'!E17/'Cy11_2020_44Dists_02-07'!E17)-1)) -> -0.027112848 | F17: =IF(('Cy11_2020_44Dists_02-07'!F17=0),(0),(('Cy11_2045_44Dists_02-07'!F17/'Cy11_2020_44Dists_02-07'!F17)-1)) -> -0.39583333 | G17: =IF(('Cy11_2020_44Dists_02-07'!G17=0),(0),(('Cy11_2045_44Dists_02-07'!G17/'Cy11_2020_44Dists_02-07'!G17)-1)) -> -0.068632189 | H17: =IF(('Cy11_2020_44Dists_02-07'!H17=0),(0),(('Cy11_2045_44Dists_02-07'!H17/'Cy11_2020_44Dists_02-07'!H17)-1)) -> -0.017804667 | I17: =IF(('Cy11_2020_44Dists_02-07'!I17=0),(0),(('Cy11_2045_44Dists_02-07'!I17/'Cy11_2020_44Dists_02-07'!I17)-1)) -> 0.25630252 | K17: =IF(('Cy11_2020_44Dists_02-07'!K17=0),(0),(('Cy11_2045_44Dists_02-07'!K17/'Cy11_2020_44Dists_02-07'!K17)-1)) -> 0.20139041 | L17: =IF(('Cy11_2020_44Dists_02-07'!L17=0),(0),(('Cy11_2045_44Dists_02-07'!L17/'Cy11_2020_44Dists_02-07'!L17)-1)) -> 0 | M17: =IF(('Cy11_2020_44Dists_02-07'!M17=0),(0),(('Cy11_2045_44Dists_02-07'!M17/'Cy11_2020_44Dists_02-07'!M17)-1)) -> 0.21179006 | N17: =IF(('Cy11_2020_44Dists_02-07'!N17=0),(0),(('Cy11_2045_44Dists_02-07'!N17/'Cy11_2020_44Dists_02-07'!N17)-1)) -> 0.14371819 | O17: =IF(('Cy11_2020_44Dists_02-07'!O17=0),(0),(('Cy11_2045_44Dists_02-07'!O17/'Cy11_2020_44Dists_02-07'!O17)-1)) -> 0.059518043
B18: 11 | C18: Waterfront (West Homestead Homestead Munhall(part)) | E18: =IF(('Cy11_2020_44Dists_02-07'!E18=0),(0),(('Cy11_2045_44Dists_02-07'!E18/'Cy11_2020_44Dists_02-07'!E18)-1)) -> 0.026443252 | F18: =IF(('Cy11_2020_44Dists_02-07'!F18=0),(0),(('Cy11_2045_44Dists_02-07'!F18/'Cy11_2020_44Dists_02-07'!F18)-1)) -> -0.27699531 | G18: =IF(('Cy11_2020_44Dists_02-07'!G18=0),(0),(('Cy11_2045_44Dists_02-07'!G18/'Cy11_2020_44Dists_02-07'!G18)-1)) -> -0.0047583271 | H18: =IF(('Cy11_2020_44Dists_02-07'!H18=0),(0),(('Cy11_2045_44Dists_02-07'!H18/'Cy11_2020_44Dists_02-07'!H18)-1)) -> 0.082721815 | I18: =IF(('Cy11_2020_44Dists_02-07'!I18=0),(0),(('Cy11_2045_44Dists_02-07'!I18/'Cy11_2020_44Dists_02-07'!I18)-1)) -> 0.073563218 | K18: =IF(('Cy11_2020_44Dists_02-07'!K18=0),(0),(('Cy11_2045_44Dists_02-07'!K18/'Cy11_2020_44Dists_02-07'!K18)-1)) -> 0.068801191 | L18: =IF(('Cy11_2020_44Dists_02-07'!L18=0),(0),(('Cy11_2045_44Dists_02-07'!L18/'Cy11_2020_44Dists_02-07'!L18)-1)) -> 0 | M18: =IF(('Cy11_2020_44Dists_02-07'!M18=0),(0),(('Cy11_2045_44Dists_02-07'!M18/'Cy11_2020_44Dists_02-07'!M18)-1)) -> 0.06913063 | N18: =IF(('Cy11_2020_44Dists_02-07'!N18=0),(0),(('Cy11_2045_44Dists_02-07'!N18/'Cy11_2020_44Dists_02-07'!N18)-1)) -> 0.080966373 | O18: =IF(('Cy11_2020_44Dists_02-07'!O18=0),(0),(('Cy11_2045_44Dists_02-07'!O18/'Cy11_2020_44Dists_02-07'!O18)-1)) -> -0.010949224
B19: 12 | C19: Downtown | E19: =IF(('Cy11_2020_44Dists_02-07'!E19=0),(0),(('Cy11_2045_44Dists_02-07'!E19/'Cy11_2020_44Dists_02-07'!E19)-1)) -> 0.13965981 | F19: =IF(('Cy11_2020_44Dists_02-07'!F19=0),(0),(('Cy11_2045_44Dists_02-07'!F19/'Cy11_2020_44Dists_02-07'!F19)-1)) -> -0.52851324 | G19: =IF(('Cy11_2020_44Dists_02-07'!G19=0),(0),(('Cy11_2045_44Dists_02-07'!G19/'Cy11_2020_44Dists_02-07'!G19)-1)) -> 0.18605398 | H19: =IF(('Cy11_2020_44Dists_02-07'!H19=0),(0),(('Cy11_2045_44Dists_02-07'!H19/'Cy11_2020_44Dists_02-07'!H19)-1)) -> 0.14569618 | I19: =IF(('Cy11_2020_44Dists_02-07'!I19=0),(0),(('Cy11_2045_44Dists_02-07'!I19/'Cy11_2020_44Dists_02-07'!I19)-1)) -> 0.0081967213 | K19: =IF(('Cy11_2020_44Dists_02-07'!K19=0),(0),(('Cy11_2045_44Dists_02-07'!K19/'Cy11_2020_44Dists_02-07'!K19)-1)) -> 0.55141612 | L19: =IF(('Cy11_2020_44Dists_02-07'!L19=0),(0),(('Cy11_2045_44Dists_02-07'!L19/'Cy11_2020_44Dists_02-07'!L19)-1)) -> 0 | M19: =IF(('Cy11_2020_44Dists_02-07'!M19=0),(0),(('Cy11_2045_44Dists_02-07'!M19/'Cy11_2020_44Dists_02-07'!M19)-1)) -> 0.74266432 | N19: =IF(('Cy11_2020_44Dists_02-07'!N19=0),(0),(('Cy11_2045_44Dists_02-07'!N19/'Cy11_2020_44Dists_02-07'!N19)-1)) -> 0.68152031 | O19: =IF(('Cy11_2020_44Dists_02-07'!O19=0),(0),(('Cy11_2045_44Dists_02-07'!O19/'Cy11_2020_44Dists_02-07'!O19)-1)) -> 0.036362335
... B51: 44 | C51: Allegheny County Southcentral | E51: =IF(('Cy11_2020_44Dists_02-07'!E51=0),(0),(('Cy11_2045_44Dists_02-07'!E51/'Cy11_2020_44Dists_02-07'!E51)-1)) -> 0.096687216 | F51: =IF(('Cy11_2020_44Dists_02-07'!F51=0),(0),(('Cy11_2045_44Dists_02-07'!F51/'Cy11_2020_44Dists_02-07'!F51)-1)) -> -0.22777269 | G51: =IF(('Cy11_2020_44Dists_02-07'!G51=0),(0),(('Cy11_2045_44Dists_02-07'!G51/'Cy11_2020_44Dists_02-07'!G51)-1)) -> 0.05262362 | H51: =IF(('Cy11_2020_44Dists_02-07'!H51=0),(0),(('Cy11_2045_44Dists_02-07'!H51/'Cy11_2020_44Dists_02-07'!H51)-1)) -> 0.13207955 | I51: =IF(('Cy11_2020_44Dists_02-07'!I51=0),(0),(('Cy11_2045_44Dists_02-07'!I51/'Cy11_2020_44Dists_02-07'!I51)-1)) -> -0.026272578 | K51: =IF(('Cy11_2020_44Dists_02-07'!K51=0),(0),(('Cy11_2045_44Dists_02-07'!K51/'Cy11_2020_44Dists_02-07'!K51)-1)) -> 0.09470028 | L51: =IF(('Cy11_2020_44Dists_02-07'!L51=0),(0),(('Cy11_2045_44Dists_02-07'!L51/'Cy11_2020_44Dists_02-07'!L51)-1)) -> 0 | M51: =IF(('Cy11_2020_44Dists_02-07'!M51=0),(0),(('Cy11_2045_44Dists_02-07'!M51/'Cy11_2020_44Dists_02-07'!M51)-1)) -> 0.095704746 | N51: =IF(('Cy11_2020_44Dists_02-07'!N51=0),(0),(('Cy11_2045_44Dists_02-07'!N51/'Cy11_2020_44Dists_02-07'!N51)-1)) -> 0.11653779 | O51: =IF(('Cy11_2020_44Dists_02-07'!O51=0),(0),(('Cy11_2045_44Dists_02-07'!O51/'Cy11_2020_44Dists_02-07'!O51)-1)) -> -0.018658607
C52: Total | E52: =IF(('Cy11_2020_44Dists_02-07'!E52=0),(0),(('Cy11_2045_44Dists_02-07'!E52/'Cy11_2020_44Dists_02-07'!E52)-1)) -> 0.085214566 | F52: =IF(('Cy11_2020_44Dists_02-07'!F52=0),(0),(('Cy11_2045_44Dists_02-07'!F52/'Cy11_2020_44Dists_02-07'!F52)-1)) -> -0.23344044 | G52: =IF(('Cy11_2020_44Dists_02-07'!G52=0),(0),(('Cy11_2045_44Dists_02-07'!G52/'Cy11_2020_44Dists_02-07'!G52)-1)) -> 0.034899985 | H52: =IF(('Cy11_2020_44Dists_02-07'!H52=0),(0),(('Cy11_2045_44Dists_02-07'!H52/'Cy11_2020_44Dists_02-07'!H52)-1)) -> 0.13861957 | I52: =IF(('Cy11_2020_44Dists_02-07'!I52=0),(0),(('Cy11_2045_44Dists_02-07'!I52/'Cy11_2020_44Dists_02-07'!I52)-1)) -> 0.01224764 | K52: =IF(('Cy11_2020_44Dists_02-07'!K52=0),(0),(('Cy11_2045_44Dists_02-07'!K52/'Cy11_2020_44Dists_02-07'!K52)-1)) -> 0.11897022 | L52: =IF(('Cy11_2020_44Dists_02-07'!L52=0),(0),(('Cy11_2045_44Dists_02-07'!L52/'Cy11_2020_44Dists_02-07'!L52)-1)) -> 0 | M52: =IF(('Cy11_2020_44Dists_02-07'!M52=0),(0),(('Cy11_2045_44Dists_02-07'!M52/'Cy11_2020_44Dists_02-07'!M52)-1)) -> 0.12261114 | N52: =IF(('Cy11_2020_44Dists_02-07'!N52=0),(0),(('Cy11_2045_44Dists_02-07'!N52/'Cy11_2020_44Dists_02-07'!N52)-1)) -> 0.14672651 | O52: =IF(('Cy11_2020_44Dists_02-07'!O52=0),(0),(('Cy11_2045_44Dists_02-07'!O52/'Cy11_2020_44Dists_02-07'!O52)-1)) -> -0.021029747
