Workbook

Sheet T1_HBW_TotPers
D4: - - - - - Table 1a - 2020 Home-Based Work (HBW) Person Trips - - - - -
B5: District Names | E5: Destination District
E6: 1 | F6: 2 | G6: 3 | H6: 4 | I6: 5 | J6: 6 | K6: 7 | L6: 8 | M6: 9 | N6: 10 | O6: 11 | P6: 12 | Q6: 13 | R6: 14 | S6: 15 | T6: 16 | U6: 17 | V6: 18 | W6: 19 | X6: 20 | Y6: 21 | Z6: 22 | AA6: 23 | AB6: 24 | AC6: 25 | AD6: 26 | AE6: 27 | AF6: 28 | AG6: 29 | AH6: 30 | AI6: 31 | AJ6: 32 | AK6: 33 | AL6: 34 | AM6: 35 | AN6: 36 | AO6: 37 | AP6: 38 | AQ6: 39 | AR6: 40 | AS6: 41 | AT6: 42 | AU6: 43 | AV6: 44 | AW6: Total
B7: Pittsburgh Chateau Area | C7: Origin District | D7: 1 | E7: 580 | F7: 443 | G7: 190 | H7: 122 | I7: 231 | J7: 11 | K7: 18 | L7: 294 | M7: 88 | N7: 15 | O7: 4 | P7: 1721 | Q7: 15 | R7: 65 | S7: 116 | T7: 0 | U7: 6 | V7: 0 | W7: 6 | X7: 12 | Y7: 3 | Z7: 0 | AA7: 0 | AB7: 0 | AC7: 2 | AD7: 13 | AE7: 0 | AF7: 339 | AG7: 0 | AH7: 0 | AI7: 1 | AJ7: 2 | AK7: 3 | AL7: 0 | AM7: 0 | AN7: 0 | AO7: 0 | AP7: 3 | AQ7: 0 | AR7: 118 | AS7: 3 | AT7: 13 | AU7: 259 | AV7: 162 | AW7: =SUM(E7:AV7) -> 4858
B8: Pittsburgh Lower North Side | D8: 2 | E8: 264 | F8: 480 | G8: 119 | H8: 29 | I8: 142 | J8: 7 | K8: 15 | L8: 268 | M8: 73 | N8: 19 | O8: 3 | P8: 1600 | Q8: 20 | R8: 80 | S8: 139 | T8: 0 | U8: 5 | V8: 0 | W8: 6 | X8: 9 | Y8: 0 | Z8: 0 | AA8: 0 | AB8: 0 | AC8: 0 | AD8: 5 | AE8: 0 | AF8: 106 | AG8: 0 | AH8: 0 | AI8: 0 | AJ8: 0 | AK8: 2 | AL8: 0 | AM8: 0 | AN8: 0 | AO8: 0 | AP8: 2 | AQ8: 1 | AR8: 115 | AS8: 3 | AT8: 14 | AU8: 148 | AV8: 87 | AW8: =SUM(E8:AV8) -> 3761
B9: Pittsburgh Upper North Side | D9: 3 | E9: 1000 | F9: 1196 | G9: 764 | H9: 359 | I9: 1132 | J9: 29 | K9: 60 | L9: 973 | M9: 244 | N9: 74 | O9: 11 | P9: 4994 | Q9: 66 | R9: 264 | S9: 472 | T9: 2 | U9: 17 | V9: 1 | W9: 14 | X9: 39 | Y9: 5 | Z9: 0 | AA9: 0 | AB9: 0 | AC9: 4 | AD9: 21 | AE9: 2 | AF9: 810 | AG9: 0 | AH9: 0 | AI9: 1 | AJ9: 3 | AK9: 14 | AL9: 0 | AM9: 0 | AN9: 0 | AO9: 0 | AP9: 9 | AQ9: 1 | AR9: 377 | AS9: 9 | AT9: 48 | AU9: 553 | AV9: 320 | AW9: =SUM(E9:AV9) -> 13888
B10: Allegheny County Northwest | D10: 4 | E10: 1100 | F10: 820 | G10: 499 | H10: 7647 | I10: 2992 | J10: 32 | K10: 56 | L10: 895 | M10: 245 | N10: 57 | O10: 11 | P10: 4342 | Q10: 50 | R10: 174 | S10: 314 | T10: 3 | U10: 11 | V10: 0 | W10: 11 | X10: 41 | Y10: 2 | Z10: 0 | AA10: 0 | AB10: 0 | AC10: 3 | AD10: 20 | AE10: 1 | AF10: 5294 | AG10: 0 | AH10: 0 | AI10: 141 | AJ10: 405 | AK10: 162 | AL10: 0 | AM10: 0 | AN10: 0 | AO10: 0 | AP10: 75 | AQ10: 0 | AR10: 305 | AS10: 5 | AT10: 36 | AU10: 792 | AV10: 565 | AW10: =SUM(E10:AV10) -> 27106
B11: Allegheny County North (remainder) | D11: 5 | E11: 3047 | F11: 4592 | G11: 2626 | H11: 3879 | I11: 110710 | J11: 186 | K11: 797 | L11: 9007 | M11: 1200 | N11: 1144 | O11: 115 | P11: 24002 | Q11: 1725 | R11: 1477 | S11: 5868 | T11: 11 | U11: 1821 | V11: 299 | W11: 1000 | X11: 678 | Y11: 60 | Z11: 7 | AA11: 0 | AB11: 0 | AC11: 24 | AD11: 63 | AE11: 0 | AF11: 4685 | AG11: 30 | AH11: 60 | AI11: 81 | AJ11: 305 | AK11: 3635 | AL11: 0 | AM11: 0 | AN11: 1 | AO11: 1 | AP11: 18 | AQ11: 1646 | AR11: 1895 | AS11: 431 | AT11: 2533 | AU11: 2224 | AV11: 1354 | AW11: =SUM(E11:AV11) -> 193237
B12: Hazelwood | D12: 6 | E12: 77 | F12: 110 | G12: 34 | H12: 14 | I12: 84 | J12: 352 | K12: 231 | L12: 1062 | M12: 315 | N12: 93 | O12: 91 | P12: 1542 | Q12: 69 | R12: 52 | S12: 158 | T12: 18 | U12: 17 | V12: 1 | W12: 23 | X12: 88 | Y12: 6 | Z12: 6 | AA12: 2 | AB12: 0 | AC12: 26 | AD12: 72 | AE12: 7 | AF12: 66 | AG12: 0 | AH12: 0 | AI12: 0 | AJ12: 0 | AK12: 0 | AL12: 0 | AM12: 0 | AN12: 0 | AO12: 0 | AP12: 1 | AQ12: 1 | AR12: 176 | AS12: 10 | AT12: 62 | AU12: 161 | AV12: 72 | AW12: =SUM(E12:AV12) -> 5099
B13: Squirrel Hill | D13: 7 | E13: 291 | F13: 372 | G13: 123 | H13: 41 | I13: 479 | J13: 380 | K13: 2024 | L13: 5698 | M13: 649 | N13: 825 | O13: 255 | P13: 4669 | Q13: 651 | R13: 191 | S13: 1202 | T13: 25 | U13: 145 | V13: 10 | W13: 115 | X13: 688 | Y13: 32 | Z13: 18 | AA13: 2 | AB13: 1 | AC13: 68 | AD13: 91 | AE13: 6 | AF13: 234 | AG13: 0 | AH13: 0 | AI13: 0 | AJ13: 0 | AK13: 0 | AL13: 0 | AM13: 0 | AN13: 0 | AO13: 0 | AP13: 0 | AQ13: 11 | AR13: 515 | AS13: 86 | AT13: 641 | AU13: 423 | AV13: 231 | AW13: =SUM(E13:AV13) -> 21192
B14: Oakland | D14: 8 | E14: 125 | F14: 169 | G14: 56 | H14: 19 | I14: 138 | J14: 67 | K14: 208 | L14: 3608 | M14: 278 | N14: 166 | O14: 32 | P14: 2252 | Q14: 110 | R14: 84 | S14: 408 | T14: 7 | U14: 19 | V14: 0 | W14: 19 | X14: 73 | Y14: 4 | Z14: 1 | AA14: 1 | AB14: 0 | AC14: 10 | AD14: 15 | AE14: 5 | AF14: 92 | AG14: 0 | AH14: 0 | AI14: 0 | AJ14: 0 | AK14: 1 | AL14: 0 | AM14: 0 | AN14: 0 | AO14: 0 | AP14: 1 | AQ14: 1 | AR14: 298 | AS14: 17 | AT14: 88 | AU14: 182 | AV14: 91 | AW14: =SUM(E14:AV14) -> 8645
B15: South Side | D15: 9 | E15: 147 | F15: 212 | G15: 64 | H15: 20 | I15: 115 | J15: 65 | K15: 77 | L15: 1196 | M15: 888 | N15: 55 | O15: 29 | P15: 2805 | Q15: 39 | R15: 90 | S15: 219 | T15: 6 | U15: 9 | V15: 0 | W15: 11 | X15: 44 | Y15: 5 | Z15: 2 | AA15: 1 | AB15: 0 | AC15: 8 | AD15: 48 | AE15: 7 | AF15: 141 | AG15: 0 | AH15: 0 | AI15: 0 | AJ15: 0 | AK15: 0 | AL15: 0 | AM15: 0 | AN15: 0 | AO15: 0 | AP15: 1 | AQ15: 1 | AR15: 388 | AS15: 6 | AT15: 31 | AU15: 501 | AV15: 160 | AW15: =SUM(E15:AV15) -> 7391
B16: Shadyside | D16: 10 | E16: 85 | F16: 151 | G16: 65 | H16: 13 | I16: 248 | J16: 49 | K16: 308 | L16: 2521 | M16: 123 | N16: 588 | O16: 35 | P16: 1591 | Q16: 403 | R16: 109 | S16: 846 | T16: 3 | U16: 52 | V16: 3 | W16: 25 | X16: 132 | Y16: 6 | Z16: 4 | AA16: 0 | AB16: 0 | AC16: 7 | AD16: 15 | AE16: 1 | AF16: 55 | AG16: 0 | AH16: 0 | AI16: 0 | AJ16: 0 | AK16: 0 | AL16: 0 | AM16: 0 | AN16: 0 | AO16: 0 | AP16: 0 | AQ16: 4 | AR16: 177 | AS16: 54 | AT16: 261 | AU16: 103 | AV16: 55 | AW16: =SUM(E16:AV16) -> 8092
B17: Waterfront (West Homestead Homestead Munhall(part)) | D17: 11 | E17: 57 | F17: 75 | G17: 20 | H17: 8 | I17: 74 | J17: 116 | K17: 190 | L17: 622 | M17: 147 | N17: 72 | O17: 678 | P17: 882 | Q17: 57 | R17: 31 | S17: 115 | T17: 33 | U17: 24 | V17: 2 | W17: 40 | X17: 200 | Y17: 27 | Z17: 28 | AA17: 4 | AB17: 1 | AC17: 152 | AD17: 114 | AE17: 13 | AF17: 51 | AG17: 0 | AH17: 0 | AI17: 0 | AJ17: 0 | AK17: 0 | AL17: 0 | AM17: 0 | AN17: 0 | AO17: 0 | AP17: 2 | AQ17: 5 | AR17: 85 | AS17: 9 | AT17: 57 | AU17: 142 | AV17: 77 | AW17: =SUM(E17:AV17) -> 4210
B18: Downtown | D18: 12 | E18: 60 | F18: 99 | G18: 24 | H18: 8 | I18: 41 | J18: 7 | K18: 10 | L18: 204 | M18: 52 | N18: 14 | O18: 3 | P18: 1088 | Q18: 8 | R18: 37 | S18: 68 | T18: 2 | U18: 2 | V18: 0 | W18: 0 | X18: 8 | Y18: 0 | Z18: 0 | AA18: 0 | AB18: 0 | AC18: 0 | AD18: 5 | AE18: 2 | AF18: 37 | AG18: 0 | AH18: 0 | AI18: 0 | AJ18: 0 | AK18: 0 | AL18: 0 | AM18: 0 | AN18: 0 | AO18: 0 | AP18: 0 | AQ18: 0 | AR18: 93 | AS18: 2 | AT18: 6 | AU18: 70 | AV18: 35 | AW18: =SUM(E18:AV18) -> 1985
B19: East Liberty | D19: 13 | E19: 39 | F19: 68 | G19: 33 | H19: 5 | I19: 194 | J19: 19 | K19: 120 | L19: 800 | M19: 48 | N19: 177 | O19: 13 | P19: 666 | Q19: 340 | R19: 48 | S19: 405 | T19: 3 | U19: 38 | V19: 1 | W19: 13 | X19: 71 | Y19: 5 | Z19: 1 | AA19: 1 | AB19: 0 | AC19: 3 | AD19: 7 | AE19: 0 | AF19: 24 | AG19: 0 | AH19: 0 | AI19: 0 | AJ19: 0 | AK19: 0 | AL19: 0 | AM19: 0 | AN19: 0 | AO19: 0 | AP19: 0 | AQ19: 0 | AR19: 73 | AS19: 51 | AT19: 172 | AU19: 42 | AV19: 25 | AW19: =SUM(E19:AV19) -> 3505
... B50: Allegheny County Southcentral | D50: 44 | E50: 1421 | F50: 1626 | G50: 456 | H50: 352 | I50: 831 | J50: 231 | K50: 270 | L50: 3440 | M50: 1309 | N50: 189 | O50: 277 | P50: 14127 | Q50: 158 | R50: 483 | S50: 864 | T50: 70 | U50: 27 | V50: 0 | W50: 28 | X50: 212 | Y50: 22 | Z50: 81 | AA50: 21 | AB50: 19 | AC50: 166 | AD50: 3278 | AE50: 1508 | AF50: 12960 | AG50: 0 | AH50: 0 | AI50: 6 | AJ50: 6 | AK50: 1 | AL50: 0 | AM50: 0 | AN50: 0 | AO50: 0 | AP50: 4983 | AQ50: 9 | AR50: 1071 | AS50: 26 | AT50: 130 | AU50: 6438 | AV50: 44414 | AW50: =SUM(E50:AV50) -> 101510
D51: Total | E51: =SUM(E7:E50) -> 14841 | F51: =SUM(F7:F50) -> 17909 | G51: =SUM(G7:G50) -> 7757 | H51: =SUM(H7:H50) -> 22707 | I51: =SUM(I7:I50) -> 173782 | J51: =SUM(J7:J50) -> 4892 | K51: =SUM(K7:K50) -> 11648 | L51: =SUM(L7:L50) -> 71152 | ... AV51: =SUM(AV7:AV50) -> 82032 | AW51: =SUM(E51:AV51) -> 1880813
D60: - - - - - Table 1b - 2045 Home-Based Work (HBW) Person Trips - - - - -
B61: District Names | E61: Destination District
E62: 1 | F62: 2 | G62: 3 | H62: 4 | I62: 5 | J62: 6 | K62: 7 | L62: 8 | M62: 9 | N62: 10 | O62: 11 | P62: 12 | Q62: 13 | R62: 14 | S62: 15 | T62: 16 | U62: 17 | V62: 18 | W62: 19 | X62: 20 | Y62: 21 | Z62: 22 | AA62: 23 | AB62: 24 | AC62: 25 | AD62: 26 | AE62: 27 | AF62: 28 | AG62: 29 | AH62: 30 | AI62: 31 | AJ62: 32 | AK62: 33 | AL62: 34 | AM62: 35 | AN62: 36 | AO62: 37 | AP62: 38 | AQ62: 39 | AR62: 40 | AS62: 41 | AT62: 42 | AU62: 43 | AV62: 44 | AW62: Total
B63: Pittsburgh Chateau Area | C63: Origin District | D63: 1 | E63: 660 | F63: 481 | G63: 212 | H63: 124 | I63: 211 | J63: 34 | K63: 22 | L63: 327 | M63: 105 | N63: 18 | O63: 4 | P63: 2147 | Q63: 16 | R63: 98 | S63: 118 | T63: 1 | U63: 1 | V63: 0 | W63: 6 | X63: 14 | Y63: 0 | Z63: 0 | AA63: 0 | AB63: 0 | AC63: 1 | AD63: 11 | AE63: 1 | AF63: 310 | AG63: 0 | AH63: 0 | AI63: 0 | AJ63: 1 | AK63: 2 | AL63: 0 | AM63: 0 | AN63: 0 | AO63: 0 | AP63: 1 | AQ63: 0 | AR63: 159 | AS63: 4 | AT63: 12 | AU63: 292 | AV63: 160 | AW63: =SUM(E63:AV63) -> 5553
B64: Pittsburgh Lower North Side | D64: 2 | E64: 274 | F64: 496 | G64: 133 | H64: 26 | I64: 120 | J64: 24 | K64: 15 | L64: 269 | M64: 80 | N64: 17 | O64: 3 | P64: 1946 | Q64: 22 | R64: 110 | S64: 135 | T64: 0 | U64: 6 | V64: 0 | W64: 2 | X64: 8 | Y64: 0 | Z64: 0 | AA64: 0 | AB64: 0 | AC64: 2 | AD64: 8 | AE64: 0 | AF64: 94 | AG64: 0 | AH64: 0 | AI64: 0 | AJ64: 0 | AK64: 1 | AL64: 0 | AM64: 0 | AN64: 0 | AO64: 0 | AP64: 2 | AQ64: 0 | AR64: 150 | AS64: 4 | AT64: 14 | AU64: 158 | AV64: 72 | AW64: =SUM(E64:AV64) -> 4191
B65: Pittsburgh Upper North Side | D65: 3 | E65: 1066 | F65: 1210 | G65: 851 | H65: 355 | I65: 1042 | J65: 82 | K65: 60 | L65: 980 | M65: 257 | N65: 68 | O65: 13 | P65: 5878 | Q65: 70 | R65: 359 | S65: 470 | T65: 1 | U65: 13 | V65: 0 | W65: 11 | X65: 29 | Y65: 2 | Z65: 0 | AA65: 0 | AB65: 0 | AC65: 4 | AD65: 20 | AE65: 0 | AF65: 737 | AG65: 0 | AH65: 0 | AI65: 1 | AJ65: 2 | AK65: 7 | AL65: 0 | AM65: 0 | AN65: 0 | AO65: 0 | AP65: 5 | AQ65: 0 | AR65: 470 | AS65: 13 | AT65: 48 | AU65: 589 | AV65: 295 | AW65: =SUM(E65:AV65) -> 15008
B66: Allegheny County Northwest | D66: 4 | E66: 1231 | F66: 876 | G66: 571 | H66: 8234 | I66: 2813 | J66: 86 | K66: 69 | L66: 981 | M66: 286 | N66: 52 | O66: 12 | P66: 5468 | Q66: 50 | R66: 246 | S66: 330 | T66: 3 | U66: 9 | V66: 0 | W66: 6 | X66: 32 | Y66: 0 | Z66: 0 | AA66: 0 | AB66: 0 | AC66: 4 | AD66: 22 | AE66: 1 | AF66: 5491 | AG66: 0 | AH66: 0 | AI66: 148 | AJ66: 366 | AK66: 93 | AL66: 0 | AM66: 0 | AN66: 0 | AO66: 0 | AP66: 66 | AQ66: 0 | AR66: 415 | AS66: 10 | AT66: 37 | AU66: 906 | AV66: 594 | AW66: =SUM(E66:AV66) -> 29508
B67: Allegheny County North (remainder) | D67: 5 | E67: 3557 | F67: 5154 | G67: 3272 | H67: 4477 | I67: 128135 | J67: 554 | K67: 990 | L67: 9797 | M67: 1404 | N67: 1252 | O67: 101 | P67: 31616 | Q67: 2139 | R67: 2268 | S67: 7038 | T67: 9 | U67: 2122 | V67: 344 | W67: 921 | X67: 711 | Y67: 54 | Z67: 8 | AA67: 0 | AB67: 0 | AC67: 41 | AD67: 43 | AE67: 0 | AF67: 5233 | AG67: 29 | AH67: 77 | AI67: 93 | AJ67: 345 | AK67: 3509 | AL67: 0 | AM67: 0 | AN67: 0 | AO67: 0 | AP67: 11 | AQ67: 1754 | AR67: 2656 | AS67: 560 | AT67: 3121 | AU67: 2665 | AV67: 1359 | AW67: =SUM(E67:AV67) -> 227419
B68: Hazelwood | D68: 6 | E68: 75 | F68: 107 | G68: 29 | H68: 12 | I68: 75 | J68: 1731 | K68: 308 | L68: 1685 | M68: 316 | N68: 103 | O68: 100 | P68: 1820 | Q68: 85 | R68: 64 | S68: 196 | T68: 24 | U68: 20 | V68: 1 | W68: 20 | X68: 99 | Y68: 7 | Z68: 6 | AA68: 1 | AB68: 1 | AC68: 23 | AD68: 83 | AE68: 7 | AF68: 48 | AG68: 0 | AH68: 0 | AI68: 0 | AJ68: 0 | AK68: 0 | AL68: 0 | AM68: 0 | AN68: 0 | AO68: 0 | AP68: 0 | AQ68: 2 | AR68: 237 | AS68: 13 | AT68: 76 | AU68: 169 | AV68: 70 | AW68: =SUM(E68:AV68) -> 7613
B69: Squirrel Hill | D69: 7 | E69: 273 | F69: 344 | G69: 122 | H69: 37 | I69: 408 | J69: 1143 | K69: 2434 | L69: 6637 | M69: 705 | N69: 845 | O69: 263 | P69: 5343 | Q69: 747 | R69: 246 | S69: 1340 | T69: 17 | U69: 142 | V69: 7 | W69: 100 | X69: 711 | Y69: 27 | Z69: 17 | AA69: 1 | AB69: 0 | AC69: 70 | AD69: 76 | AE69: 11 | AF69: 171 | AG69: 0 | AH69: 0 | AI69: 0 | AJ69: 0 | AK69: 0 | AL69: 0 | AM69: 0 | AN69: 0 | AO69: 0 | AP69: 0 | AQ69: 11 | AR69: 760 | AS69: 101 | AT69: 727 | AU69: 435 | AV69: 192 | AW69: =SUM(E69:AV69) -> 24463
B70: Oakland | D70: 8 | E70: 107 | F70: 149 | G70: 53 | H70: 12 | I70: 112 | J70: 239 | K70: 221 | L70: 3750 | M70: 321 | N70: 163 | O70: 27 | P70: 2540 | Q70: 116 | R70: 105 | S70: 435 | T70: 1 | U70: 16 | V70: 1 | W70: 15 | X70: 64 | Y70: 1 | Z70: 2 | AA70: 1 | AB70: 0 | AC70: 8 | AD70: 12 | AE70: 3 | AF70: 64 | AG70: 0 | AH70: 0 | AI70: 0 | AJ70: 0 | AK70: 0 | AL70: 0 | AM70: 0 | AN70: 0 | AO70: 0 | AP70: 1 | AQ70: 0 | AR70: 436 | AS70: 16 | AT70: 92 | AU70: 172 | AV70: 78 | AW70: =SUM(E70:AV70) -> 9333
B71: South Side | D71: 9 | E71: 138 | F71: 191 | G71: 58 | H71: 16 | I71: 84 | J71: 179 | K71: 88 | L71: 1366 | M71: 987 | N71: 48 | O71: 24 | P71: 3246 | Q71: 39 | R71: 115 | S71: 212 | T71: 5 | U71: 8 | V71: 0 | W71: 9 | X71: 34 | Y71: 3 | Z71: 2 | AA71: 1 | AB71: 0 | AC71: 9 | AD71: 46 | AE71: 1 | AF71: 107 | AG71: 0 | AH71: 0 | AI71: 0 | AJ71: 0 | AK71: 0 | AL71: 0 | AM71: 0 | AN71: 0 | AO71: 0 | AP71: 2 | AQ71: 0 | AR71: 520 | AS71: 5 | AT71: 30 | AU71: 531 | AV71: 146 | AW71: =SUM(E71:AV71) -> 8250
B72: Shadyside | D72: 10 | E72: 84 | F72: 144 | G72: 68 | H72: 9 | I72: 213 | J72: 149 | K72: 359 | L72: 2562 | M72: 150 | N72: 614 | O72: 28 | P72: 1918 | Q72: 463 | R72: 149 | S72: 968 | T72: 2 | U72: 49 | V72: 3 | W72: 23 | X72: 131 | Y72: 5 | Z72: 4 | AA72: 0 | AB72: 0 | AC72: 7 | AD72: 15 | AE72: 1 | AF72: 44 | AG72: 0 | AH72: 0 | AI72: 0 | AJ72: 0 | AK72: 0 | AL72: 0 | AM72: 0 | AN72: 0 | AO72: 0 | AP72: 0 | AQ72: 3 | AR72: 263 | AS72: 63 | AT72: 296 | AU72: 107 | AV72: 48 | AW72: =SUM(E72:AV72) -> 8942
B73: Waterfront (West Homestead Homestead Munhall(part)) | D73: 11 | E73: 41 | F73: 54 | G73: 19 | H73: 7 | I73: 53 | J73: 314 | K73: 193 | L73: 733 | M73: 159 | N73: 60 | O73: 693 | P73: 710 | Q73: 54 | R73: 26 | S73: 107 | T73: 33 | U73: 28 | V73: 3 | W73: 50 | X73: 259 | Y73: 28 | Z73: 25 | AA73: 2 | AB73: 1 | AC73: 148 | AD73: 118 | AE73: 14 | AF73: 31 | AG73: 0 | AH73: 0 | AI73: 0 | AJ73: 0 | AK73: 0 | AL73: 0 | AM73: 0 | AN73: 0 | AO73: 0 | AP73: 1 | AQ73: 6 | AR73: 104 | AS73: 8 | AT73: 61 | AU73: 145 | AV73: 68 | AW73: =SUM(E73:AV73) -> 4356
B74: Downtown | D74: 12 | E74: 82 | F74: 141 | G74: 42 | H74: 10 | I74: 47 | J74: 27 | K74: 17 | L74: 312 | M74: 86 | N74: 17 | O74: 5 | P74: 1966 | Q74: 14 | R74: 79 | S74: 97 | T74: 2 | U74: 1 | V74: 0 | W74: 4 | X74: 8 | Y74: 0 | Z74: 0 | AA74: 0 | AB74: 0 | AC74: 0 | AD74: 3 | AE74: 0 | AF74: 44 | AG74: 0 | AH74: 0 | AI74: 0 | AJ74: 0 | AK74: 1 | AL74: 0 | AM74: 0 | AN74: 0 | AO74: 0 | AP74: 0 | AQ74: 0 | AR74: 180 | AS74: 3 | AT74: 11 | AU74: 108 | AV74: 48 | AW74: =SUM(E74:AV74) -> 3355
B75: East Liberty | D75: 13 | E75: 39 | F75: 67 | G75: 30 | H75: 6 | I75: 162 | J75: 53 | K75: 135 | L75: 849 | M75: 56 | N75: 181 | O75: 12 | P75: 769 | Q75: 372 | R75: 69 | S75: 453 | T75: 2 | U75: 36 | V75: 1 | W75: 14 | X75: 65 | Y75: 1 | Z75: 2 | AA75: 0 | AB75: 0 | AC75: 2 | AD75: 7 | AE75: 0 | AF75: 19 | AG75: 0 | AH75: 0 | AI75: 0 | AJ75: 0 | AK75: 1 | AL75: 0 | AM75: 0 | AN75: 0 | AO75: 0 | AP75: 0 | AQ75: 2 | AR75: 97 | AS75: 59 | AT75: 188 | AU75: 44 | AV75: 20 | AW75: =SUM(E75:AV75) -> 3813
... B106: Allegheny County Southcentral | D106: 44 | E106: 1445 | F106: 1560 | G106: 441 | H106: 311 | I106: 595 | J106: 757 | K106: 279 | L106: 3586 | M106: 1431 | N106: 157 | O106: 281 | P106: 15750 | Q106: 137 | R106: 596 | S106: 774 | T106: 75 | U106: 22 | V106: 0 | W106: 55 | X106: 196 | Y106: 33 | Z106: 69 | AA106: 24 | AB106: 18 | AC106: 153 | AD106: 3611 | AE106: 1546 | AF106: 12858 | AG106: 0 | AH106: 0 | AI106: 5 | AJ106: 3 | AK106: 1 | AL106: 3 | AM106: 0 | AN106: 0 | AO106: 0 | AP106: 4453 | AQ106: 9 | AR106: 1292 | AS106: 24 | AT106: 106 | AU106: 7353 | AV106: 49792 | AW106: =SUM(E106:AV106) -> 109801
D107: Total | E107: =SUM(E63:E106) -> 15733 | F107: =SUM(F63:F106) -> 18243 | G107: =SUM(G63:G106) -> 8861 | H107: =SUM(H63:H106) -> 25612 | I107: =SUM(I63:I106) -> 196183 | J107: =SUM(J63:J106) -> 15335 | K107: =SUM(K63:K106) -> 13344 | L107: =SUM(L63:L106) -> 77036 | ... AV107: =SUM(AV63:AV106) -> 91588 | AW107: =SUM(E107:AV107) -> 2085971
D116: - - - - - Table 1c - Change - 2020 To 2045 - Home-Based Work (HBW) Person Trips - - - - -
B117: District Names | E117: Destination District
E118: 1 | F118: 2 | G118: 3 | H118: 4 | I118: 5 | J118: 6 | K118: 7 | L118: 8 | M118: 9 | N118: 10 | O118: 11 | P118: 12 | Q118: 13 | R118: 14 | S118: 15 | T118: 16 | U118: 17 | V118: 18 | W118: 19 | X118: 20 | Y118: 21 | Z118: 22 | AA118: 23 | AB118: 24 | AC118: 25 | AD118: 26 | AE118: 27 | AF118: 28 | AG118: 29 | AH118: 30 | AI118: 31 | AJ118: 32 | AK118: 33 | AL118: 34 | AM118: 35 | AN118: 36 | AO118: 37 | AP118: 38 | AQ118: 39 | AR118: 40 | AS118: 41 | AT118: 42 | AU118: 43 | AV118: 44 | AW118: Total
B119: Pittsburgh Chateau Area | C119: Origin District | D119: 1 | E119: =E63-E7 -> 80 | F119: =F63-F7 -> 38 | G119: =G63-G7 -> 22 | H119: =H63-H7 -> 2 | I119: =I63-I7 -> -20 | J119: =J63-J7 -> 23 | K119: =K63-K7 -> 4 | L119: =L63-L7 -> 33 | ... AV119: =AV63-AV7 -> -2 | AW119: =SUM(E119:AV119) -> 695
B120: Pittsburgh Lower North Side | D120: 2 | E120: =E64-E8 -> 10 | F120: =F64-F8 -> 16 | G120: =G64-G8 -> 14 | H120: =H64-H8 -> -3 | I120: =I64-I8 -> -22 | J120: =J64-J8 -> 17 | K120: =K64-K8 -> 0 | L120: =L64-L8 -> 1 | ... AV120: =AV64-AV8 -> -15 | AW120: =SUM(E120:AV120) -> 430
B121: Pittsburgh Upper North Side | D121: 3 | E121: =E65-E9 -> 66 | F121: =F65-F9 -> 14 | G121: =G65-G9 -> 87 | H121: =H65-H9 -> -4 | I121: =I65-I9 -> -90 | J121: =J65-J9 -> 53 | K121: =K65-K9 -> 0 | L121: =L65-L9 -> 7 | ... AV121: =AV65-AV9 -> -25 | AW121: =SUM(E121:AV121) -> 1120
B122: Allegheny County Northwest | D122: 4 | E122: =E66-E10 -> 131 | F122: =F66-F10 -> 56 | G122: =G66-G10 -> 72 | H122: =H66-H10 -> 587 | I122: =I66-I10 -> -179 | J122: =J66-J10 -> 54 | K122: =K66-K10 -> 13 | L122: =L66-L10 -> 86 | ... AV122: =AV66-AV10 -> 29 | AW122: =SUM(E122:AV122) -> 2402
B123: Allegheny County North (remainder) | D123: 5 | E123: =E67-E11 -> 510 | F123: =F67-F11 -> 562 | G123: =G67-G11 -> 646 | H123: =H67-H11 -> 598 | I123: =I67-I11 -> 17425 | J123: =J67-J11 -> 368 | K123: =K67-K11 -> 193 | L123: =L67-L11 -> 790 | ... AV123: =AV67-AV11 -> 5 | AW123: =SUM(E123:AV123) -> 34182
B124: Hazelwood | D124: 6 | E124: =E68-E12 -> -2 | F124: =F68-F12 -> -3 | G124: =G68-G12 -> -5 | H124: =H68-H12 -> -2 | I124: =I68-I12 -> -9 | J124: =J68-J12 -> 1379 | K124: =K68-K12 -> 77 | L124: =L68-L12 -> 623 | ... AV124: =AV68-AV12 -> -2 | AW124: =SUM(E124:AV124) -> 2514
B125: Squirrel Hill | D125: 7 | E125: =E69-E13 -> -18 | F125: =F69-F13 -> -28 | G125: =G69-G13 -> -1 | H125: =H69-H13 -> -4 | I125: =I69-I13 -> -71 | J125: =J69-J13 -> 763 | K125: =K69-K13 -> 410 | L125: =L69-L13 -> 939 | ... AV125: =AV69-AV13 -> -39 | AW125: =SUM(E125:AV125) -> 3271
B126: Oakland | D126: 8 | E126: =E70-E14 -> -18 | F126: =F70-F14 -> -20 | G126: =G70-G14 -> -3 | H126: =H70-H14 -> -7 | I126: =I70-I14 -> -26 | J126: =J70-J14 -> 172 | K126: =K70-K14 -> 13 | L126: =L70-L14 -> 142 | ... AV126: =AV70-AV14 -> -13 | AW126: =SUM(E126:AV126) -> 688
B127: South Side | D127: 9 | E127: =E71-E15 -> -9 | F127: =F71-F15 -> -21 | G127: =G71-G15 -> -6 | H127: =H71-H15 -> -4 | I127: =I71-I15 -> -31 | J127: =J71-J15 -> 114 | K127: =K71-K15 -> 11 | L127: =L71-L15 -> 170 | ... AV127: =AV71-AV15 -> -14 | AW127: =SUM(E127:AV127) -> 859
B128: Shadyside | D128: 10 | E128: =E72-E16 -> -1 | F128: =F72-F16 -> -7 | G128: =G72-G16 -> 3 | H128: =H72-H16 -> -4 | I128: =I72-I16 -> -35 | J128: =J72-J16 -> 100 | K128: =K72-K16 -> 51 | L128: =L72-L16 -> 41 | ... AV128: =AV72-AV16 -> -7 | AW128: =SUM(E128:AV128) -> 850
B129: Waterfront (West Homestead Homestead Munhall(part)) | D129: 11 | E129: =E73-E17 -> -16 | F129: =F73-F17 -> -21 | G129: =G73-G17 -> -1 | H129: =H73-H17 -> -1 | I129: =I73-I17 -> -21 | J129: =J73-J17 -> 198 | K129: =K73-K17 -> 3 | L129: =L73-L17 -> 111 | ... AV129: =AV73-AV17 -> -9 | AW129: =SUM(E129:AV129) -> 146
B130: Downtown | D130: 12 | E130: =E74-E18 -> 22 | F130: =F74-F18 -> 42 | G130: =G74-G18 -> 18 | H130: =H74-H18 -> 2 | I130: =I74-I18 -> 6 | J130: =J74-J18 -> 20 | K130: =K74-K18 -> 7 | L130: =L74-L18 -> 108 | ... AV130: =AV74-AV18 -> 13 | AW130: =SUM(E130:AV130) -> 1370
B131: East Liberty | D131: 13 | E131: =E75-E19 -> 0 | F131: =F75-F19 -> -1 | G131: =G75-G19 -> -3 | H131: =H75-H19 -> 1 | I131: =I75-I19 -> -32 | J131: =J75-J19 -> 34 | K131: =K75-K19 -> 15 | L131: =L75-L19 -> 49 | ... AV131: =AV75-AV19 -> -5 | AW131: =SUM(E131:AV131) -> 308
... B162: Allegheny County Southcentral | D162: 44 | E162: =E106-E50 -> 24 | F162: =F106-F50 -> -66 | G162: =G106-G50 -> -15 | H162: =H106-H50 -> -41 | I162: =I106-I50 -> -236 | J162: =J106-J50 -> 526 | K162: =K106-K50 -> 9 | L162: =L106-L50 -> 146 | ... AV162: =AV106-AV50 -> 5378 | AW162: =SUM(E162:AV162) -> 8291
D163: Total | E163: =SUM(E119:E162) -> 892 | F163: =SUM(F119:F162) -> 334 | G163: =SUM(G119:G162) -> 1104 | H163: =SUM(H119:H162) -> 2905 | I163: =SUM(I119:I162) -> 22401 | J163: =SUM(J119:J162) -> 10443 | K163: =SUM(K119:K162) -> 1696 | L163: =SUM(L119:L162) -> 5884 | ... AV163: =SUM(AV119:AV162) -> 9556 | AW163: =SUM(E163:AV163) -> 205158
D172: - - - - - Table 1d - Percent Change - 2020 To 2045 - Home-Based Work (HBW) Person Trips - - - - -
B173: District Names | E173: Destination District
E174: 1 | F174: 2 | G174: 3 | H174: 4 | I174: 5 | J174: 6 | K174: 7 | L174: 8 | M174: 9 | N174: 10 | O174: 11 | P174: 12 | Q174: 13 | R174: 14 | S174: 15 | T174: 16 | U174: 17 | V174: 18 | W174: 19 | X174: 20 | Y174: 21 | Z174: 22 | AA174: 23 | AB174: 24 | AC174: 25 | AD174: 26 | AE174: 27 | AF174: 28 | AG174: 29 | AH174: 30 | AI174: 31 | AJ174: 32 | AK174: 33 | AL174: 34 | AM174: 35 | AN174: 36 | AO174: 37 | AP174: 38 | AQ174: 39 | AR174: 40 | AS174: 41 | AT174: 42 | AU174: 43 | AV174: 44 | AW174: Total
B175: Pittsburgh Chateau Area | C175: Origin District | D175: 1 | E175: =IF((E7=0),("N/A"),(E119/E7)) -> 0.13793103 | F175: =IF((F7=0),("N/A"),(F119/F7)) -> 0.085778781 | G175: =IF((G7=0),("N/A"),(G119/G7)) -> 0.11578947 | H175: =IF((H7=0),("N/A"),(H119/H7)) -> 0.016393443 | I175: =IF((I7=0),("N/A"),(I119/I7)) -> -0.086580087 | J175: =IF((J7=0),("N/A"),(J119/J7)) -> 2.0909091 | K175: =IF((K7=0),("N/A"),(K119/K7)) -> 0.22222222 | L175: =IF((L7=0),("N/A"),(L119/L7)) -> 0.1122449 | ... AW175: =IF((AW7=0),("N/A"),(AW119/AW7)) -> 0.14306299
B176: Pittsburgh Lower North Side | D176: 2 | E176: =IF((E8=0),("N/A"),(E120/E8)) -> 0.037878788 | F176: =IF((F8=0),("N/A"),(F120/F8)) -> 0.033333333 | G176: =IF((G8=0),("N/A"),(G120/G8)) -> 0.11764706 | H176: =IF((H8=0),("N/A"),(H120/H8)) -> -0.10344828 | I176: =IF((I8=0),("N/A"),(I120/I8)) -> -0.15492958 | J176: =IF((J8=0),("N/A"),(J120/J8)) -> 2.4285714 | K176: =IF((K8=0),("N/A"),(K120/K8)) -> 0 | L176: =IF((L8=0),("N/A"),(L120/L8)) -> 0.0037313433 | ... AW176: =IF((AW8=0),("N/A"),(AW120/AW8)) -> 0.11433129
B177: Pittsburgh Upper North Side | D177: 3 | E177: =IF((E9=0),("N/A"),(E121/E9)) -> 0.066 | F177: =IF((F9=0),("N/A"),(F121/F9)) -> 0.011705686 | G177: =IF((G9=0),("N/A"),(G121/G9)) -> 0.11387435 | H177: =IF((H9=0),("N/A"),(H121/H9)) -> -0.011142061 | I177: =IF((I9=0),("N/A"),(I121/I9)) -> -0.0795053 | J177: =IF((J9=0),("N/A"),(J121/J9)) -> 1.8275862 | K177: =IF((K9=0),("N/A"),(K121/K9)) -> 0 | L177: =IF((L9=0),("N/A"),(L121/L9)) -> 0.0071942446 | ... AW177: =IF((AW9=0),("N/A"),(AW121/AW9)) -> 0.080645161
B178: Allegheny County Northwest | D178: 4 | E178: =IF((E10=0),("N/A"),(E122/E10)) -> 0.11909091 | F178: =IF((F10=0),("N/A"),(F122/F10)) -> 0.068292683 | G178: =IF((G10=0),("N/A"),(G122/G10)) -> 0.14428858 | H178: =IF((H10=0),("N/A"),(H122/H10)) -> 0.076762129 | I178: =IF((I10=0),("N/A"),(I122/I10)) -> -0.059826203 | J178: =IF((J10=0),("N/A"),(J122/J10)) -> 1.6875 | K178: =IF((K10=0),("N/A"),(K122/K10)) -> 0.23214286 | L178: =IF((L10=0),("N/A"),(L122/L10)) -> 0.096089385 | ... AW178: =IF((AW10=0),("N/A"),(AW122/AW10)) -> 0.088615067
B179: Allegheny County North (remainder) | D179: 5 | E179: =IF((E11=0),("N/A"),(E123/E11)) -> 0.16737775 | F179: =IF((F11=0),("N/A"),(F123/F11)) -> 0.12238676 | G179: =IF((G11=0),("N/A"),(G123/G11)) -> 0.24600152 | H179: =IF((H11=0),("N/A"),(H123/H11)) -> 0.15416344 | I179: =IF((I11=0),("N/A"),(I123/I11)) -> 0.15739319 | J179: =IF((J11=0),("N/A"),(J123/J11)) -> 1.9784946 | K179: =IF((K11=0),("N/A"),(K123/K11)) -> 0.24215809 | L179: =IF((L11=0),("N/A"),(L123/L11)) -> 0.087709559 | ... AW179: =IF((AW11=0),("N/A"),(AW123/AW11)) -> 0.17689159
B180: Hazelwood | D180: 6 | E180: =IF((E12=0),("N/A"),(E124/E12)) -> -0.025974026 | F180: =IF((F12=0),("N/A"),(F124/F12)) -> -0.027272727 | G180: =IF((G12=0),("N/A"),(G124/G12)) -> -0.14705882 | H180: =IF((H12=0),("N/A"),(H124/H12)) -> -0.14285714 | I180: =IF((I12=0),("N/A"),(I124/I12)) -> -0.10714286 | J180: =IF((J12=0),("N/A"),(J124/J12)) -> 3.9176136 | K180: =IF((K12=0),("N/A"),(K124/K12)) -> 0.33333333 | L180: =IF((L12=0),("N/A"),(L124/L12)) -> 0.586629 | ... AW180: =IF((AW12=0),("N/A"),(AW124/AW12)) -> 0.49303785
B181: Squirrel Hill | D181: 7 | E181: =IF((E13=0),("N/A"),(E125/E13)) -> -0.06185567 | F181: =IF((F13=0),("N/A"),(F125/F13)) -> -0.075268817 | G181: =IF((G13=0),("N/A"),(G125/G13)) -> -0.0081300813 | H181: =IF((H13=0),("N/A"),(H125/H13)) -> -0.097560976 | I181: =IF((I13=0),("N/A"),(I125/I13)) -> -0.14822547 | J181: =IF((J13=0),("N/A"),(J125/J13)) -> 2.0078947 | K181: =IF((K13=0),("N/A"),(K125/K13)) -> 0.20256917 | L181: =IF((L13=0),("N/A"),(L125/L13)) -> 0.16479466 | ... AW181: =IF((AW13=0),("N/A"),(AW125/AW13)) -> 0.1543507
B182: Oakland | D182: 8 | E182: =IF((E14=0),("N/A"),(E126/E14)) -> -0.144 | F182: =IF((F14=0),("N/A"),(F126/F14)) -> -0.1183432 | G182: =IF((G14=0),("N/A"),(G126/G14)) -> -0.053571429 | H182: =IF((H14=0),("N/A"),(H126/H14)) -> -0.36842105 | I182: =IF((I14=0),("N/A"),(I126/I14)) -> -0.1884058 | J182: =IF((J14=0),("N/A"),(J126/J14)) -> 2.5671642 | K182: =IF((K14=0),("N/A"),(K126/K14)) -> 0.0625 | L182: =IF((L14=0),("N/A"),(L126/L14)) -> 0.039356984 | ... AW182: =IF((AW14=0),("N/A"),(AW126/AW14)) -> 0.079583574
B183: South Side | D183: 9 | E183: =IF((E15=0),("N/A"),(E127/E15)) -> -0.06122449 | F183: =IF((F15=0),("N/A"),(F127/F15)) -> -0.099056604 | G183: =IF((G15=0),("N/A"),(G127/G15)) -> -0.09375 | H183: =IF((H15=0),("N/A"),(H127/H15)) -> -0.2 | I183: =IF((I15=0),("N/A"),(I127/I15)) -> -0.26956522 | J183: =IF((J15=0),("N/A"),(J127/J15)) -> 1.7538462 | K183: =IF((K15=0),("N/A"),(K127/K15)) -> 0.14285714 | L183: =IF((L15=0),("N/A"),(L127/L15)) -> 0.14214047 | ... AW183: =IF((AW15=0),("N/A"),(AW127/AW15)) -> 0.11622243
B184: Shadyside | D184: 10 | E184: =IF((E16=0),("N/A"),(E128/E16)) -> -0.011764706 | F184: =IF((F16=0),("N/A"),(F128/F16)) -> -0.046357616 | G184: =IF((G16=0),("N/A"),(G128/G16)) -> 0.046153846 | H184: =IF((H16=0),("N/A"),(H128/H16)) -> -0.30769231 | I184: =IF((I16=0),("N/A"),(I128/I16)) -> -0.14112903 | J184: =IF((J16=0),("N/A"),(J128/J16)) -> 2.0408163 | K184: =IF((K16=0),("N/A"),(K128/K16)) -> 0.16558442 | L184: =IF((L16=0),("N/A"),(L128/L16)) -> 0.016263388 | ... AW184: =IF((AW16=0),("N/A"),(AW128/AW16)) -> 0.10504202
B185: Waterfront (West Homestead Homestead Munhall(part)) | D185: 11 | E185: =IF((E17=0),("N/A"),(E129/E17)) -> -0.28070175 | F185: =IF((F17=0),("N/A"),(F129/F17)) -> -0.28 | G185: =IF((G17=0),("N/A"),(G129/G17)) -> -0.05 | H185: =IF((H17=0),("N/A"),(H129/H17)) -> -0.125 | I185: =IF((I17=0),("N/A"),(I129/I17)) -> -0.28378378 | J185: =IF((J17=0),("N/A"),(J129/J17)) -> 1.7068966 | K185: =IF((K17=0),("N/A"),(K129/K17)) -> 0.015789474 | L185: =IF((L17=0),("N/A"),(L129/L17)) -> 0.17845659 | ... AW185: =IF((AW17=0),("N/A"),(AW129/AW17)) -> 0.034679335
B186: Downtown | D186: 12 | E186: =IF((E18=0),("N/A"),(E130/E18)) -> 0.36666667 | F186: =IF((F18=0),("N/A"),(F130/F18)) -> 0.42424242 | G186: =IF((G18=0),("N/A"),(G130/G18)) -> 0.75 | H186: =IF((H18=0),("N/A"),(H130/H18)) -> 0.25 | I186: =IF((I18=0),("N/A"),(I130/I18)) -> 0.14634146 | J186: =IF((J18=0),("N/A"),(J130/J18)) -> 2.8571429 | K186: =IF((K18=0),("N/A"),(K130/K18)) -> 0.7 | L186: =IF((L18=0),("N/A"),(L130/L18)) -> 0.52941176 | ... AW186: =IF((AW18=0),("N/A"),(AW130/AW18)) -> 0.69017632
B187: East Liberty | D187: 13 | E187: =IF((E19=0),("N/A"),(E131/E19)) -> 0 | F187: =IF((F19=0),("N/A"),(F131/F19)) -> -0.014705882 | G187: =IF((G19=0),("N/A"),(G131/G19)) -> -0.090909091 | H187: =IF((H19=0),("N/A"),(H131/H19)) -> 0.2 | I187: =IF((I19=0),("N/A"),(I131/I19)) -> -0.16494845 | J187: =IF((J19=0),("N/A"),(J131/J19)) -> 1.7894737 | K187: =IF((K19=0),("N/A"),(K131/K19)) -> 0.125 | L187: =IF((L19=0),("N/A"),(L131/L19)) -> 0.06125 | ... AW187: =IF((AW19=0),("N/A"),(AW131/AW19)) -> 0.087874465
... B218: Allegheny County Southcentral | D218: 44 | E218: =IF((E50=0),("N/A"),(E162/E50)) -> 0.016889514 | F218: =IF((F50=0),("N/A"),(F162/F50)) -> -0.040590406 | G218: =IF((G50=0),("N/A"),(G162/G50)) -> -0.032894737 | H218: =IF((H50=0),("N/A"),(H162/H50)) -> -0.11647727 | I218: =IF((I50=0),("N/A"),(I162/I50)) -> -0.28399519 | J218: =IF((J50=0),("N/A"),(J162/J50)) -> 2.2770563 | K218: =IF((K50=0),("N/A"),(K162/K50)) -> 0.033333333 | L218: =IF((L50=0),("N/A"),(L162/L50)) -> 0.04244186 | ... AW218: =IF((AW50=0),("N/A"),(AW162/AW50)) -> 0.081676682
D219: Total | E219: =IF((E51=0),("N/A"),(E163/E51)) -> 0.060103767 | F219: =IF((F51=0),("N/A"),(F163/F51)) -> 0.018649841 | G219: =IF((G51=0),("N/A"),(G163/G51)) -> 0.14232306 | H219: =IF((H51=0),("N/A"),(H163/H51)) -> 0.12793412 | I219: =IF((I51=0),("N/A"),(I163/I51)) -> 0.12890288 | J219: =IF((J51=0),("N/A"),(J163/J51)) -> 2.1347097 | K219: =IF((K51=0),("N/A"),(K163/K51)) -> 0.1456044 | L219: =IF((L51=0),("N/A"),(L163/L51)) -> 0.0826962 | ... AW219: =IF((AW51=0),("N/A"),(AW163/AW51)) -> 0.10907942

Sheet T2_HBO_TotPers
D4: - - - - - Table 2a - 2020 Home-Based Other (HBO) Person Trips - - - - -
B5: District Names | E5: Destination District
E6: 1 | F6: 2 | G6: 3 | H6: 4 | I6: 5 | J6: 6 | K6: 7 | L6: 8 | M6: 9 | N6: 10 | O6: 11 | P6: 12 | Q6: 13 | R6: 14 | S6: 15 | T6: 16 | U6: 17 | V6: 18 | W6: 19 | X6: 20 | Y6: 21 | Z6: 22 | AA6: 23 | AB6: 24 | AC6: 25 | AD6: 26 | AE6: 27 | AF6: 28 | AG6: 29 | AH6: 30 | AI6: 31 | AJ6: 32 | AK6: 33 | AL6: 34 | AM6: 35 | AN6: 36 | AO6: 37 | AP6: 38 | AQ6: 39 | AR6: 40 | AS6: 41 | AT6: 42 | AU6: 43 | AV6: 44 | AW6: Total
B7: Pittsburgh Chateau Area | C7: Origin District | D7: 1 | E7: 1892 | F7: 1166 | G7: 636 | H7: 1031 | I7: 1500 | J7: 18 | K7: 60 | L7: 563 | M7: 238 | N7: 47 | O7: 47 | P7: 1490 | Q7: 37 | R7: 174 | S7: 259 | T7: 2 | U7: 15 | V7: 0 | W7: 1 | X7: 72 | Y7: 0 | Z7: 0 | AA7: 0 | AB7: 0 | AC7: 9 | AD7: 67 | AE7: 0 | AF7: 2775 | AG7: 0 | AH7: 0 | AI7: 2 | AJ7: 1 | AK7: 0 | AL7: 0 | AM7: 0 | AN7: 0 | AO7: 0 | AP7: 0 | AQ7: 0 | AR7: 205 | AS7: 7 | AT7: 39 | AU7: 957 | AV7: 991 | AW7: =SUM(E7:AV7) -> 14301
B8: Pittsburgh Lower North Side | D8: 2 | E8: 956 | F8: 1921 | G8: 506 | H8: 294 | I8: 1490 | J8: 22 | K8: 59 | L8: 634 | M8: 276 | N8: 83 | O8: 51 | P8: 1988 | Q8: 70 | R8: 334 | S8: 486 | T8: 2 | U8: 26 | V8: 0 | W8: 5 | X8: 71 | Y8: 0 | Z8: 0 | AA8: 0 | AB8: 0 | AC8: 10 | AD8: 70 | AE8: 0 | AF8: 1356 | AG8: 0 | AH8: 0 | AI8: 0 | AJ8: 0 | AK8: 0 | AL8: 0 | AM8: 0 | AN8: 0 | AO8: 0 | AP8: 0 | AQ8: 0 | AR8: 298 | AS8: 16 | AT8: 71 | AU8: 731 | AV8: 902 | AW8: =SUM(E8:AV8) -> 12728
B9: Pittsburgh Upper North Side | D9: 3 | E9: 2629 | F9: 3109 | G9: 2767 | H9: 2362 | I9: 8353 | J9: 61 | K9: 145 | L9: 1620 | M9: 671 | N9: 204 | O9: 127 | P9: 4449 | Q9: 166 | R9: 776 | S9: 1173 | T9: 9 | U9: 58 | V9: 0 | W9: 4 | X9: 177 | Y9: 0 | Z9: 0 | AA9: 0 | AB9: 0 | AC9: 20 | AD9: 173 | AE9: 0 | AF9: 5753 | AG9: 0 | AH9: 0 | AI9: 2 | AJ9: 3 | AK9: 2 | AL9: 0 | AM9: 0 | AN9: 0 | AO9: 0 | AP9: 0 | AQ9: 0 | AR9: 736 | AS9: 39 | AT9: 176 | AU9: 1886 | AV9: 2209 | AW9: =SUM(E9:AV9) -> 39859
B10: Allegheny County Northwest | D10: 4 | E10: 1573 | F10: 880 | G10: 780 | H10: 31613 | I10: 9518 | J10: 22 | K10: 59 | L10: 655 | M10: 245 | N10: 47 | O10: 51 | P10: 1556 | Q10: 37 | R10: 167 | S10: 249 | T10: 2 | U10: 7 | V10: 0 | W10: 0 | X10: 48 | Y10: 0 | Z10: 0 | AA10: 0 | AB10: 0 | AC10: 3 | AD10: 60 | AE10: 0 | AF10: 18423 | AG10: 0 | AH10: 0 | AI10: 405 | AJ10: 1398 | AK10: 702 | AL10: 0 | AM10: 0 | AN10: 0 | AO10: 0 | AP10: 0 | AQ10: 0 | AR10: 217 | AS10: 8 | AT10: 41 | AU10: 1202 | AV10: 1108 | AW10: =SUM(E10:AV10) -> 71076
B11: Allegheny County North (remainder) | D11: 5 | E11: 2667 | F11: 4222 | G11: 3100 | H11: 9360 | I11: 377743 | J11: 120 | K11: 609 | L11: 5574 | M11: 1194 | N11: 1139 | O11: 223 | P11: 7388 | Q11: 1466 | R11: 1471 | S11: 5816 | T11: 4 | U11: 3652 | V11: 456 | W11: 1173 | X11: 822 | Y11: 11 | Z11: 0 | AA11: 0 | AB11: 0 | AC11: 23 | AD11: 221 | AE11: 0 | AF11: 9756 | AG11: 13 | AH11: 103 | AI11: 58 | AJ11: 519 | AK11: 10622 | AL11: 0 | AM11: 0 | AN11: 0 | AO11: 0 | AP11: 0 | AQ11: 5103 | AR11: 1301 | AS11: 594 | AT11: 4922 | AU11: 2634 | AV11: 2997 | AW11: =SUM(E11:AV11) -> 467076
B12: Hazelwood | D12: 6 | E12: 153 | F12: 215 | G12: 84 | H12: 51 | I12: 439 | J12: 1059 | K12: 789 | L12: 3184 | M12: 1224 | N12: 310 | O12: 847 | P12: 1243 | Q12: 177 | R12: 128 | S12: 440 | T12: 82 | U12: 126 | V12: 3 | W12: 231 | X12: 581 | Y12: 31 | Z12: 54 | AA12: 17 | AB12: 2 | AC12: 187 | AD12: 645 | AE12: 42 | AF12: 486 | AG12: 0 | AH12: 0 | AI12: 0 | AJ12: 0 | AK12: 0 | AL12: 0 | AM12: 0 | AN12: 0 | AO12: 0 | AP12: 1 | AQ12: 3 | AR12: 395 | AS12: 30 | AT12: 180 | AU12: 609 | AV12: 550 | AW12: =SUM(E12:AV12) -> 14598
B13: Squirrel Hill | D13: 7 | E13: 543 | F13: 704 | G13: 256 | H13: 175 | I13: 2459 | J13: 983 | K13: 6910 | L13: 12701 | M13: 2553 | N13: 2865 | O13: 2561 | P13: 3590 | Q13: 1777 | R13: 443 | S13: 2980 | T13: 84 | U13: 879 | V13: 35 | W13: 1067 | X13: 4092 | Y13: 162 | Z13: 117 | AA13: 22 | AB13: 0 | AC13: 540 | AD13: 716 | AE13: 36 | AF13: 1927 | AG13: 0 | AH13: 0 | AI13: 0 | AJ13: 0 | AK13: 0 | AL13: 0 | AM13: 0 | AN13: 0 | AO13: 0 | AP13: 0 | AQ13: 41 | AR13: 1099 | AS13: 303 | AT13: 1851 | AU13: 1392 | AV13: 1451 | AW13: =SUM(E13:AV13) -> 57314
B14: Oakland | D14: 8 | E14: 345 | F14: 484 | G14: 198 | H14: 120 | I14: 1104 | J14: 291 | K14: 852 | L14: 10286 | M14: 1600 | N14: 770 | O14: 376 | P14: 2650 | Q14: 397 | R14: 343 | S14: 1693 | T14: 25 | U14: 156 | V14: 2 | W14: 221 | X14: 559 | Y14: 22 | Z14: 16 | AA14: 7 | AB14: 0 | AC14: 86 | AD14: 296 | AE14: 5 | AF14: 1109 | AG14: 0 | AH14: 0 | AI14: 0 | AJ14: 0 | AK14: 0 | AL14: 0 | AM14: 0 | AN14: 0 | AO14: 0 | AP14: 0 | AQ14: 0 | AR14: 1011 | AS14: 69 | AT14: 319 | AU14: 898 | AV14: 911 | AW14: =SUM(E14:AV14) -> 27221
B15: South Side | D15: 9 | E15: 375 | F15: 525 | G15: 194 | H15: 132 | I15: 894 | J15: 212 | K15: 331 | L15: 3321 | M15: 3324 | N15: 218 | O15: 284 | P15: 2725 | Q15: 98 | R15: 282 | S15: 557 | T15: 26 | U15: 65 | V15: 0 | W15: 130 | X15: 297 | Y15: 16 | Z15: 19 | AA15: 7 | AB15: 0 | AC15: 67 | AD15: 505 | AE15: 19 | AF15: 1273 | AG15: 0 | AH15: 0 | AI15: 0 | AJ15: 0 | AK15: 0 | AL15: 0 | AM15: 0 | AN15: 0 | AO15: 0 | AP15: 2 | AQ15: 0 | AR15: 882 | AS15: 18 | AT15: 106 | AU15: 2014 | AV15: 1404 | AW15: =SUM(E15:AV15) -> 20322
B16: Shadyside | D16: 10 | E16: 204 | F16: 425 | G16: 191 | H16: 67 | I16: 1850 | J16: 159 | K16: 1245 | L16: 6787 | M16: 597 | N16: 2790 | O16: 362 | P16: 1603 | Q16: 1388 | R16: 359 | S16: 2928 | T16: 12 | U16: 383 | V16: 11 | W16: 328 | X16: 1015 | Y16: 49 | Z16: 16 | AA16: 1 | AB16: 0 | AC16: 83 | AD16: 145 | AE16: 0 | AF16: 430 | AG16: 0 | AH16: 0 | AI16: 0 | AJ16: 0 | AK16: 0 | AL16: 0 | AM16: 0 | AN16: 0 | AO16: 0 | AP16: 0 | AQ16: 7 | AR16: 480 | AS16: 240 | AT16: 977 | AU16: 472 | AV16: 453 | AW16: =SUM(E16:AV16) -> 26057
B17: Waterfront (West Homestead Homestead Munhall(part)) | D17: 11 | E17: 82 | F17: 109 | G17: 40 | H17: 20 | I17: 158 | J17: 200 | K17: 455 | L17: 1074 | M17: 358 | N17: 160 | O17: 4433 | P17: 461 | Q17: 105 | R17: 48 | S17: 184 | T17: 76 | U17: 124 | V17: 2 | W17: 319 | X17: 1027 | Y17: 113 | Z17: 112 | AA17: 16 | AB17: 2 | AC17: 757 | AD17: 551 | AE17: 35 | AF17: 174 | AG17: 0 | AH17: 0 | AI17: 0 | AJ17: 0 | AK17: 0 | AL17: 0 | AM17: 0 | AN17: 0 | AO17: 0 | AP17: 0 | AQ17: 10 | AR17: 117 | AS17: 18 | AT17: 129 | AU17: 324 | AV17: 328 | AW17: =SUM(E17:AV17) -> 12121
B18: Downtown | D18: 12 | E18: 250 | F18: 439 | G18: 131 | H18: 90 | I18: 524 | J18: 27 | K18: 59 | L18: 660 | M18: 286 | N18: 65 | O18: 40 | P18: 1856 | Q18: 44 | R18: 206 | S18: 299 | T18: 3 | U18: 11 | V18: 0 | W18: 11 | X18: 59 | Y18: 1 | Z18: 0 | AA18: 0 | AB18: 0 | AC18: 8 | AD18: 71 | AE18: 1 | AF18: 710 | AG18: 0 | AH18: 0 | AI18: 0 | AJ18: 0 | AK18: 0 | AL18: 0 | AM18: 0 | AN18: 0 | AO18: 0 | AP18: 0 | AQ18: 0 | AR18: 344 | AS18: 10 | AT18: 36 | AU18: 476 | AV18: 566 | AW18: =SUM(E18:AV18) -> 7283
B19: East Liberty | D19: 13 | E19: 115 | F19: 218 | G19: 98 | H19: 31 | I19: 1564 | J19: 53 | K19: 476 | L19: 1887 | M19: 174 | N19: 800 | O19: 144 | P19: 624 | Q19: 1268 | R19: 182 | S19: 1445 | T19: 6 | U19: 291 | V19: 11 | W19: 198 | X19: 541 | Y19: 27 | Z19: 5 | AA19: 0 | AB19: 0 | AC19: 35 | AD19: 53 | AE19: 0 | AF19: 165 | AG19: 0 | AH19: 0 | AI19: 0 | AJ19: 0 | AK19: 0 | AL19: 0 | AM19: 0 | AN19: 0 | AO19: 0 | AP19: 0 | AQ19: 1 | AR19: 165 | AS19: 263 | AT19: 698 | AU19: 215 | AV19: 208 | AW19: =SUM(E19:AV19) -> 11961
... B50: Allegheny County Southcentral | D50: 44 | E50: 1571 | F50: 1828 | G50: 595 | H50: 576 | I50: 2057 | J50: 186 | K50: 317 | L50: 3150 | M50: 2087 | N50: 257 | O50: 647 | P50: 7326 | Q50: 172 | R50: 729 | S50: 1106 | T50: 82 | U50: 38 | V50: 0 | W50: 4 | X50: 288 | Y50: 2 | Z50: 45 | AA50: 28 | AB50: 8 | AC50: 226 | AD50: 9622 | AE50: 3310 | AF50: 45047 | AG50: 0 | AH50: 0 | AI50: 0 | AJ50: 0 | AK50: 0 | AL50: 0 | AM50: 0 | AN50: 0 | AO50: 0 | AP50: 15761 | AQ50: 0 | AR50: 1306 | AS50: 38 | AT50: 140 | AU50: 11434 | AV50: 144753 | AW50: =SUM(E50:AV50) -> 254736
D51: Total | E51: =SUM(E7:E50) -> 21282 | F51: =SUM(F7:F50) -> 26442 | G51: =SUM(G7:G50) -> 13705 | H51: =SUM(H7:H50) -> 63275 | I51: =SUM(I7:I50) -> 506816 | J51: =SUM(J7:J50) -> 7495 | K51: =SUM(K7:K50) -> 24591 | L51: =SUM(L7:L50) -> 103900 | ... AV51: =SUM(AV7:AV50) -> 244717 | AW51: =SUM(E51:AV51) -> 4706478
D60: - - - - - Table 2b - 2045 Home-Based Other (HBO) Person Trips - - - - -
B61: District Names | E61: Destination District
E62: 1 | F62: 2 | G62: 3 | H62: 4 | I62: 5 | J62: 6 | K62: 7 | L62: 8 | M62: 9 | N62: 10 | O62: 11 | P62: 12 | Q62: 13 | R62: 14 | S62: 15 | T62: 16 | U62: 17 | V62: 18 | W62: 19 | X62: 20 | Y62: 21 | Z62: 22 | AA62: 23 | AB62: 24 | AC62: 25 | AD62: 26 | AE62: 27 | AF62: 28 | AG62: 29 | AH62: 30 | AI62: 31 | AJ62: 32 | AK62: 33 | AL62: 34 | AM62: 35 | AN62: 36 | AO62: 37 | AP62: 38 | AQ62: 39 | AR62: 40 | AS62: 41 | AT62: 42 | AU62: 43 | AV62: 44 | AW62: Total
B63: Pittsburgh Chateau Area | C63: Origin District | D63: 1 | E63: 2303 | F63: 1332 | G63: 776 | H63: 1097 | I63: 1576 | J63: 65 | K63: 73 | L63: 688 | M63: 309 | N63: 49 | O63: 60 | P63: 2033 | Q63: 51 | R63: 280 | S63: 331 | T63: 1 | U63: 20 | V63: 0 | W63: 3 | X63: 84 | Y63: 0 | Z63: 0 | AA63: 0 | AB63: 0 | AC63: 13 | AD63: 96 | AE63: 0 | AF63: 2945 | AG63: 0 | AH63: 0 | AI63: 0 | AJ63: 0 | AK63: 0 | AL63: 0 | AM63: 0 | AN63: 0 | AO63: 0 | AP63: 0 | AQ63: 0 | AR63: 321 | AS63: 11 | AT63: 53 | AU63: 1219 | AV63: 1159 | AW63: =SUM(E63:AV63) -> 16948
B64: Pittsburgh Lower North Side | D64: 2 | E64: 1020 | F64: 2022 | G64: 586 | H64: 284 | I64: 1531 | J64: 67 | K64: 70 | L64: 688 | M64: 329 | N64: 85 | O64: 57 | P64: 2468 | Q64: 81 | R64: 486 | S64: 569 | T64: 3 | U64: 28 | V64: 0 | W64: 5 | X64: 83 | Y64: 0 | Z64: 0 | AA64: 0 | AB64: 0 | AC64: 13 | AD64: 69 | AE64: 0 | AF64: 1424 | AG64: 0 | AH64: 0 | AI64: 0 | AJ64: 0 | AK64: 0 | AL64: 0 | AM64: 0 | AN64: 0 | AO64: 0 | AP64: 0 | AQ64: 0 | AR64: 407 | AS64: 20 | AT64: 86 | AU64: 851 | AV64: 997 | AW64: =SUM(E64:AV64) -> 14329
B65: Pittsburgh Upper North Side | D65: 3 | E65: 2885 | F65: 3236 | G65: 3216 | H65: 2415 | I65: 8412 | J65: 174 | K65: 164 | L65: 1735 | M65: 784 | N65: 207 | O65: 146 | P65: 5419 | Q65: 193 | R65: 1122 | S65: 1361 | T65: 8 | U65: 63 | V65: 0 | W65: 3 | X65: 188 | Y65: 0 | Z65: 0 | AA65: 0 | AB65: 0 | AC65: 25 | AD65: 172 | AE65: 0 | AF65: 5698 | AG65: 0 | AH65: 0 | AI65: 0 | AJ65: 1 | AK65: 0 | AL65: 0 | AM65: 0 | AN65: 0 | AO65: 0 | AP65: 0 | AQ65: 0 | AR65: 955 | AS65: 45 | AT65: 209 | AU65: 2182 | AV65: 2414 | AW65: =SUM(E65:AV65) -> 43432
B66: Allegheny County Northwest | D66: 4 | E66: 1862 | F66: 980 | G66: 942 | H66: 35699 | I66: 8701 | J66: 69 | K66: 76 | L66: 779 | M66: 315 | N66: 51 | O66: 59 | P66: 2069 | Q66: 46 | R66: 261 | S66: 314 | T66: 3 | U66: 6 | V66: 0 | W66: 0 | X66: 57 | Y66: 0 | Z66: 0 | AA66: 0 | AB66: 0 | AC66: 4 | AD66: 71 | AE66: 0 | AF66: 20164 | AG66: 0 | AH66: 0 | AI66: 415 | AJ66: 1333 | AK66: 399 | AL66: 0 | AM66: 0 | AN66: 0 | AO66: 0 | AP66: 0 | AQ66: 0 | AR66: 322 | AS66: 11 | AT66: 50 | AU66: 1476 | AV66: 1241 | AW66: =SUM(E66:AV66) -> 77775
B67: Allegheny County North (remainder) | D67: 5 | E67: 2949 | F67: 4583 | G67: 3749 | H67: 11111 | I67: 448181 | J67: 349 | K67: 730 | L67: 6170 | M67: 1458 | N67: 1174 | O67: 241 | P67: 9570 | Q67: 1688 | R67: 2238 | S67: 6913 | T67: 8 | U67: 4073 | V67: 549 | W67: 970 | X67: 905 | Y67: 12 | Z67: 0 | AA67: 0 | AB67: 0 | AC67: 29 | AD67: 192 | AE67: 0 | AF67: 10980 | AG67: 14 | AH67: 137 | AI67: 89 | AJ67: 749 | AK67: 10730 | AL67: 0 | AM67: 0 | AN67: 0 | AO67: 0 | AP67: 0 | AQ67: 5301 | AR67: 1828 | AS67: 683 | AT67: 5744 | AU67: 3110 | AV67: 3394 | AW67: =SUM(E67:AV67) -> 550601
B68: Hazelwood | D68: 6 | E68: 215 | F68: 286 | G68: 114 | H68: 68 | I68: 575 | J68: 4252 | K68: 1145 | L68: 4890 | M68: 1984 | N68: 397 | O68: 1178 | P68: 1907 | Q68: 251 | R68: 229 | S68: 680 | T68: 117 | U68: 179 | V68: 3 | W68: 308 | X68: 849 | Y68: 49 | Z68: 73 | AA68: 21 | AB68: 3 | AC68: 257 | AD68: 894 | AE68: 65 | AF68: 540 | AG68: 0 | AH68: 0 | AI68: 0 | AJ68: 0 | AK68: 0 | AL68: 0 | AM68: 0 | AN68: 0 | AO68: 0 | AP68: 2 | AQ68: 2 | AR68: 770 | AS68: 43 | AT68: 270 | AU68: 942 | AV68: 730 | AW68: =SUM(E68:AV68) -> 24288
B69: Squirrel Hill | D69: 7 | E69: 560 | F69: 710 | G69: 287 | H69: 183 | I69: 2582 | J69: 2525 | K69: 8289 | L69: 14026 | M69: 2966 | N69: 2927 | O69: 2970 | P69: 4304 | Q69: 2089 | R69: 640 | S69: 3464 | T69: 89 | U69: 993 | V69: 36 | W69: 1110 | X69: 4881 | Y69: 196 | Z69: 113 | AA69: 21 | AB69: 0 | AC69: 633 | AD69: 715 | AE69: 35 | AF69: 1972 | AG69: 0 | AH69: 0 | AI69: 0 | AJ69: 0 | AK69: 0 | AL69: 0 | AM69: 0 | AN69: 0 | AO69: 0 | AP69: 0 | AQ69: 45 | AR69: 1540 | AS69: 361 | AT69: 2233 | AU69: 1599 | AV69: 1529 | AW69: =SUM(E69:AV69) -> 66623
B70: Oakland | D70: 8 | E70: 332 | F70: 445 | G70: 196 | H70: 111 | I70: 1040 | J70: 846 | K70: 943 | L70: 10962 | M70: 1786 | N70: 746 | O70: 409 | P70: 2899 | Q70: 437 | R70: 434 | S70: 1836 | T70: 21 | U70: 159 | V70: 1 | W70: 206 | X70: 602 | Y70: 27 | Z70: 11 | AA70: 5 | AB70: 0 | AC70: 88 | AD70: 286 | AE70: 7 | AF70: 1070 | AG70: 0 | AH70: 0 | AI70: 0 | AJ70: 0 | AK70: 0 | AL70: 0 | AM70: 0 | AN70: 0 | AO70: 0 | AP70: 0 | AQ70: 0 | AR70: 1396 | AS70: 81 | AT70: 356 | AU70: 968 | AV70: 892 | AW70: =SUM(E70:AV70) -> 29598
B71: South Side | D71: 9 | E71: 379 | F71: 515 | G71: 205 | H71: 125 | I71: 827 | J71: 633 | K71: 374 | L71: 3629 | M71: 3780 | N71: 214 | O71: 320 | P71: 3244 | Q71: 110 | R71: 389 | S71: 587 | T71: 32 | U71: 68 | V71: 0 | W71: 125 | X71: 326 | Y71: 16 | Z71: 21 | AA71: 8 | AB71: 0 | AC71: 78 | AD71: 521 | AE71: 21 | AF71: 1303 | AG71: 0 | AH71: 0 | AI71: 0 | AJ71: 0 | AK71: 0 | AL71: 0 | AM71: 0 | AN71: 0 | AO71: 0 | AP71: 1 | AQ71: 0 | AR71: 1244 | AS71: 18 | AT71: 115 | AU71: 2248 | AV71: 1419 | AW71: =SUM(E71:AV71) -> 22895
B72: Shadyside | D72: 10 | E72: 209 | F72: 427 | G72: 216 | H72: 67 | I72: 1890 | J72: 436 | K72: 1451 | L72: 7435 | M72: 685 | N72: 2806 | O72: 414 | P72: 1828 | Q72: 1610 | R72: 510 | S72: 3343 | T72: 14 | U72: 414 | V72: 12 | W72: 323 | X72: 1125 | Y72: 55 | Z72: 12 | AA72: 1 | AB72: 0 | AC72: 91 | AD72: 143 | AE72: 0 | AF72: 438 | AG72: 0 | AH72: 0 | AI72: 0 | AJ72: 0 | AK72: 0 | AL72: 0 | AM72: 0 | AN72: 0 | AO72: 0 | AP72: 0 | AQ72: 8 | AR72: 689 | AS72: 280 | AT72: 1148 | AU72: 515 | AV72: 450 | AW72: =SUM(E72:AV72) -> 29045
B73: Waterfront (West Homestead Homestead Munhall(part)) | D73: 11 | E73: 78 | F73: 97 | G73: 39 | H73: 18 | I73: 146 | J73: 451 | K73: 479 | L73: 1061 | M73: 374 | N73: 147 | O73: 4594 | P73: 498 | Q73: 109 | R73: 62 | S73: 185 | T73: 83 | U73: 110 | V73: 3 | W73: 305 | X73: 1044 | Y73: 112 | Z73: 96 | AA73: 17 | AB73: 2 | AC73: 788 | AD73: 594 | AE73: 46 | AF73: 161 | AG73: 0 | AH73: 0 | AI73: 0 | AJ73: 0 | AK73: 0 | AL73: 0 | AM73: 0 | AN73: 0 | AO73: 0 | AP73: 0 | AQ73: 9 | AR73: 148 | AS73: 20 | AT73: 131 | AU73: 335 | AV73: 313 | AW73: =SUM(E73:AV73) -> 12655
B74: Downtown | D74: 12 | E74: 380 | F74: 641 | G74: 222 | H74: 130 | I74: 797 | J74: 108 | K74: 99 | L74: 1077 | M74: 493 | N74: 101 | O74: 64 | P74: 3393 | Q74: 77 | R74: 440 | S74: 505 | T74: 8 | U74: 23 | V74: 0 | W74: 15 | X74: 95 | Y74: 0 | Z74: 0 | AA74: 0 | AB74: 0 | AC74: 16 | AD74: 113 | AE74: 1 | AF74: 1060 | AG74: 0 | AH74: 0 | AI74: 0 | AJ74: 0 | AK74: 0 | AL74: 0 | AM74: 0 | AN74: 0 | AO74: 0 | AP74: 0 | AQ74: 0 | AR74: 704 | AS74: 14 | AT74: 64 | AU74: 800 | AV74: 879 | AW74: =SUM(E74:AV74) -> 12319
B75: East Liberty | D75: 13 | E75: 118 | F75: 215 | G75: 111 | H75: 30 | I75: 1552 | J75: 136 | K75: 553 | L75: 2034 | M75: 193 | N75: 797 | O75: 162 | P75: 714 | Q75: 1453 | R75: 255 | S75: 1639 | T75: 4 | U75: 310 | V75: 15 | W75: 190 | X75: 601 | Y75: 32 | Z75: 3 | AA75: 0 | AB75: 0 | AC75: 45 | AD75: 38 | AE75: 0 | AF75: 175 | AG75: 0 | AH75: 0 | AI75: 0 | AJ75: 0 | AK75: 0 | AL75: 0 | AM75: 0 | AN75: 0 | AO75: 0 | AP75: 0 | AQ75: 1 | AR75: 221 | AS75: 303 | AT75: 809 | AU75: 232 | AV75: 202 | AW75: =SUM(E75:AV75) -> 13143
... B106: Allegheny County Southcentral | D106: 44 | E106: 1583 | F106: 1757 | G106: 647 | H106: 549 | I106: 1927 | J106: 450 | K106: 340 | L106: 3140 | M106: 2076 | N106: 219 | O106: 687 | P106: 7878 | Q106: 164 | R106: 904 | S106: 1054 | T106: 93 | U106: 36 | V106: 0 | W106: 2 | X106: 293 | Y106: 3 | Z106: 44 | AA106: 27 | AB106: 10 | AC106: 267 | AD106: 11202 | AE106: 3365 | AF106: 47638 | AG106: 0 | AH106: 0 | AI106: 1 | AJ106: 0 | AK106: 0 | AL106: 0 | AM106: 0 | AN106: 0 | AO106: 0 | AP106: 15074 | AQ106: 0 | AR106: 1486 | AS106: 35 | AT106: 136 | AU106: 12580 | AV106: 162034 | AW106: =SUM(E106:AV106) -> 277701
D107: Total | E107: =SUM(E63:E106) -> 23325 | F107: =SUM(F63:F106) -> 27489 | G107: =SUM(G63:G106) -> 15921 | H107: =SUM(H63:H106) -> 71227 | I107: =SUM(I63:I106) -> 583962 | J107: =SUM(J63:J106) -> 20557 | K107: =SUM(K63:K106) -> 28275 | L107: =SUM(L63:L106) -> 112376 | ... AV107: =SUM(AV63:AV106) -> 273768 | AW107: =SUM(E107:AV107) -> 5255198
D116: - - - - - Table 2c - Change - 2020 To 2045 - Home-Based Other (HBO) Person Trips - - - - -
B117: District Names | E117: Destination District
E118: 1 | F118: 2 | G118: 3 | H118: 4 | I118: 5 | J118: 6 | K118: 7 | L118: 8 | M118: 9 | N118: 10 | O118: 11 | P118: 12 | Q118: 13 | R118: 14 | S118: 15 | T118: 16 | U118: 17 | V118: 18 | W118: 19 | X118: 20 | Y118: 21 | Z118: 22 | AA118: 23 | AB118: 24 | AC118: 25 | AD118: 26 | AE118: 27 | AF118: 28 | AG118: 29 | AH118: 30 | AI118: 31 | AJ118: 32 | AK118: 33 | AL118: 34 | AM118: 35 | AN118: 36 | AO118: 37 | AP118: 38 | AQ118: 39 | AR118: 40 | AS118: 41 | AT118: 42 | AU118: 43 | AV118: 44 | AW118: Total
B119: Pittsburgh Chateau Area | C119: Origin District | D119: 1 | E119: =E63-E7 -> 411 | F119: =F63-F7 -> 166 | G119: =G63-G7 -> 140 | H119: =H63-H7 -> 66 | I119: =I63-I7 -> 76 | J119: =J63-J7 -> 47 | K119: =K63-K7 -> 13 | L119: =L63-L7 -> 125 | ... AV119: =AV63-AV7 -> 168 | AW119: =SUM(E119:AV119) -> 2647
B120: Pittsburgh Lower North Side | D120: 2 | E120: =E64-E8 -> 64 | F120: =F64-F8 -> 101 | G120: =G64-G8 -> 80 | H120: =H64-H8 -> -10 | I120: =I64-I8 -> 41 | J120: =J64-J8 -> 45 | K120: =K64-K8 -> 11 | L120: =L64-L8 -> 54 | ... AV120: =AV64-AV8 -> 95 | AW120: =SUM(E120:AV120) -> 1601
B121: Pittsburgh Upper North Side | D121: 3 | E121: =E65-E9 -> 256 | F121: =F65-F9 -> 127 | G121: =G65-G9 -> 449 | H121: =H65-H9 -> 53 | I121: =I65-I9 -> 59 | J121: =J65-J9 -> 113 | K121: =K65-K9 -> 19 | L121: =L65-L9 -> 115 | ... AV121: =AV65-AV9 -> 205 | AW121: =SUM(E121:AV121) -> 3573
B122: Allegheny County Northwest | D122: 4 | E122: =E66-E10 -> 289 | F122: =F66-F10 -> 100 | G122: =G66-G10 -> 162 | H122: =H66-H10 -> 4086 | I122: =I66-I10 -> -817 | J122: =J66-J10 -> 47 | K122: =K66-K10 -> 17 | L122: =L66-L10 -> 124 | ... AV122: =AV66-AV10 -> 133 | AW122: =SUM(E122:AV122) -> 6699
B123: Allegheny County North (remainder) | D123: 5 | E123: =E67-E11 -> 282 | F123: =F67-F11 -> 361 | G123: =G67-G11 -> 649 | H123: =H67-H11 -> 1751 | I123: =I67-I11 -> 70438 | J123: =J67-J11 -> 229 | K123: =K67-K11 -> 121 | L123: =L67-L11 -> 596 | ... AV123: =AV67-AV11 -> 397 | AW123: =SUM(E123:AV123) -> 83525
B124: Hazelwood | D124: 6 | E124: =E68-E12 -> 62 | F124: =F68-F12 -> 71 | G124: =G68-G12 -> 30 | H124: =H68-H12 -> 17 | I124: =I68-I12 -> 136 | J124: =J68-J12 -> 3193 | K124: =K68-K12 -> 356 | L124: =L68-L12 -> 1706 | ... AV124: =AV68-AV12 -> 180 | AW124: =SUM(E124:AV124) -> 9690
B125: Squirrel Hill | D125: 7 | E125: =E69-E13 -> 17 | F125: =F69-F13 -> 6 | G125: =G69-G13 -> 31 | H125: =H69-H13 -> 8 | I125: =I69-I13 -> 123 | J125: =J69-J13 -> 1542 | K125: =K69-K13 -> 1379 | L125: =L69-L13 -> 1325 | ... AV125: =AV69-AV13 -> 78 | AW125: =SUM(E125:AV125) -> 9309
B126: Oakland | D126: 8 | E126: =E70-E14 -> -13 | F126: =F70-F14 -> -39 | G126: =G70-G14 -> -2 | H126: =H70-H14 -> -9 | I126: =I70-I14 -> -64 | J126: =J70-J14 -> 555 | K126: =K70-K14 -> 91 | L126: =L70-L14 -> 676 | ... AV126: =AV70-AV14 -> -19 | AW126: =SUM(E126:AV126) -> 2377
B127: South Side | D127: 9 | E127: =E71-E15 -> 4 | F127: =F71-F15 -> -10 | G127: =G71-G15 -> 11 | H127: =H71-H15 -> -7 | I127: =I71-I15 -> -67 | J127: =J71-J15 -> 421 | K127: =K71-K15 -> 43 | L127: =L71-L15 -> 308 | ... AV127: =AV71-AV15 -> 15 | AW127: =SUM(E127:AV127) -> 2573
B128: Shadyside | D128: 10 | E128: =E72-E16 -> 5 | F128: =F72-F16 -> 2 | G128: =G72-G16 -> 25 | H128: =H72-H16 -> 0 | I128: =I72-I16 -> 40 | J128: =J72-J16 -> 277 | K128: =K72-K16 -> 206 | L128: =L72-L16 -> 648 | ... AV128: =AV72-AV16 -> -3 | AW128: =SUM(E128:AV128) -> 2988
B129: Waterfront (West Homestead Homestead Munhall(part)) | D129: 11 | E129: =E73-E17 -> -4 | F129: =F73-F17 -> -12 | G129: =G73-G17 -> -1 | H129: =H73-H17 -> -2 | I129: =I73-I17 -> -12 | J129: =J73-J17 -> 251 | K129: =K73-K17 -> 24 | L129: =L73-L17 -> -13 | ... AV129: =AV73-AV17 -> -15 | AW129: =SUM(E129:AV129) -> 534
B130: Downtown | D130: 12 | E130: =E74-E18 -> 130 | F130: =F74-F18 -> 202 | G130: =G74-G18 -> 91 | H130: =H74-H18 -> 40 | I130: =I74-I18 -> 273 | J130: =J74-J18 -> 81 | K130: =K74-K18 -> 40 | L130: =L74-L18 -> 417 | ... AV130: =AV74-AV18 -> 313 | AW130: =SUM(E130:AV130) -> 5036
B131: East Liberty | D131: 13 | E131: =E75-E19 -> 3 | F131: =F75-F19 -> -3 | G131: =G75-G19 -> 13 | H131: =H75-H19 -> -1 | I131: =I75-I19 -> -12 | J131: =J75-J19 -> 83 | K131: =K75-K19 -> 77 | L131: =L75-L19 -> 147 | ... AV131: =AV75-AV19 -> -6 | AW131: =SUM(E131:AV131) -> 1182
... B162: Allegheny County Southcentral | D162: 44 | E162: =E106-E50 -> 12 | F162: =F106-F50 -> -71 | G162: =G106-G50 -> 52 | H162: =H106-H50 -> -27 | I162: =I106-I50 -> -130 | J162: =J106-J50 -> 264 | K162: =K106-K50 -> 23 | L162: =L106-L50 -> -10 | ... AV162: =AV106-AV50 -> 17281 | AW162: =SUM(E162:AV162) -> 22965
D163: Total | E163: =SUM(E119:E162) -> 2043 | F163: =SUM(F119:F162) -> 1047 | G163: =SUM(G119:G162) -> 2216 | H163: =SUM(H119:H162) -> 7952 | I163: =SUM(I119:I162) -> 77146 | J163: =SUM(J119:J162) -> 13062 | K163: =SUM(K119:K162) -> 3684 | L163: =SUM(L119:L162) -> 8476 | ... AV163: =SUM(AV119:AV162) -> 29051 | AW163: =SUM(E163:AV163) -> 548720
D172: - - - - - Table 2d - Percent Change - 2020 To 2045 - Home-Based Other (HBO) Person Trips - - - - -
B173: District Names | E173: Destination District
E174: 1 | F174: 2 | G174: 3 | H174: 4 | I174: 5 | J174: 6 | K174: 7 | L174: 8 | M174: 9 | N174: 10 | O174: 11 | P174: 12 | Q174: 13 | R174: 14 | S174: 15 | T174: 16 | U174: 17 | V174: 18 | W174: 19 | X174: 20 | Y174: 21 | Z174: 22 | AA174: 23 | AB174: 24 | AC174: 25 | AD174: 26 | AE174: 27 | AF174: 28 | AG174: 29 | AH174: 30 | AI174: 31 | AJ174: 32 | AK174: 33 | AL174: 34 | AM174: 35 | AN174: 36 | AO174: 37 | AP174: 38 | AQ174: 39 | AR174: 40 | AS174: 41 | AT174: 42 | AU174: 43 | AV174: 44 | AW174: Total
B175: Pittsburgh Chateau Area | C175: Origin District | D175: 1 | E175: =IF((E7=0),("N/A"),(E119/E7)) -> 0.21723044 | F175: =IF((F7=0),("N/A"),(F119/F7)) -> 0.14236707 | G175: =IF((G7=0),("N/A"),(G119/G7)) -> 0.22012579 | H175: =IF((H7=0),("N/A"),(H119/H7)) -> 0.064015519 | I175: =IF((I7=0),("N/A"),(I119/I7)) -> 0.050666667 | J175: =IF((J7=0),("N/A"),(J119/J7)) -> 2.6111111 | K175: =IF((K7=0),("N/A"),(K119/K7)) -> 0.21666667 | L175: =IF((L7=0),("N/A"),(L119/L7)) -> 0.22202487 | ... AW175: =IF((AW7=0),("N/A"),(AW119/AW7)) -> 0.18509195
B176: Pittsburgh Lower North Side | D176: 2 | E176: =IF((E8=0),("N/A"),(E120/E8)) -> 0.066945607 | F176: =IF((F8=0),("N/A"),(F120/F8)) -> 0.052576783 | G176: =IF((G8=0),("N/A"),(G120/G8)) -> 0.15810277 | H176: =IF((H8=0),("N/A"),(H120/H8)) -> -0.034013605 | I176: =IF((I8=0),("N/A"),(I120/I8)) -> 0.027516779 | J176: =IF((J8=0),("N/A"),(J120/J8)) -> 2.0454545 | K176: =IF((K8=0),("N/A"),(K120/K8)) -> 0.18644068 | L176: =IF((L8=0),("N/A"),(L120/L8)) -> 0.085173502 | ... AW176: =IF((AW8=0),("N/A"),(AW120/AW8)) -> 0.12578567
B177: Pittsburgh Upper North Side | D177: 3 | E177: =IF((E9=0),("N/A"),(E121/E9)) -> 0.097375428 | F177: =IF((F9=0),("N/A"),(F121/F9)) -> 0.040849148 | G177: =IF((G9=0),("N/A"),(G121/G9)) -> 0.16226961 | H177: =IF((H9=0),("N/A"),(H121/H9)) -> 0.022438611 | I177: =IF((I9=0),("N/A"),(I121/I9)) -> 0.0070633305 | J177: =IF((J9=0),("N/A"),(J121/J9)) -> 1.852459 | K177: =IF((K9=0),("N/A"),(K121/K9)) -> 0.13103448 | L177: =IF((L9=0),("N/A"),(L121/L9)) -> 0.070987654 | ... AW177: =IF((AW9=0),("N/A"),(AW121/AW9)) -> 0.089640984
B178: Allegheny County Northwest | D178: 4 | E178: =IF((E10=0),("N/A"),(E122/E10)) -> 0.18372537 | F178: =IF((F10=0),("N/A"),(F122/F10)) -> 0.11363636 | G178: =IF((G10=0),("N/A"),(G122/G10)) -> 0.20769231 | H178: =IF((H10=0),("N/A"),(H122/H10)) -> 0.12925062 | I178: =IF((I10=0),("N/A"),(I122/I10)) -> -0.085837361 | J178: =IF((J10=0),("N/A"),(J122/J10)) -> 2.1363636 | K178: =IF((K10=0),("N/A"),(K122/K10)) -> 0.28813559 | L178: =IF((L10=0),("N/A"),(L122/L10)) -> 0.18931298 | ... AW178: =IF((AW10=0),("N/A"),(AW122/AW10)) -> 0.094251224
B179: Allegheny County North (remainder) | D179: 5 | E179: =IF((E11=0),("N/A"),(E123/E11)) -> 0.10573678 | F179: =IF((F11=0),("N/A"),(F123/F11)) -> 0.0855045 | G179: =IF((G11=0),("N/A"),(G123/G11)) -> 0.20935484 | H179: =IF((H11=0),("N/A"),(H123/H11)) -> 0.18707265 | I179: =IF((I11=0),("N/A"),(I123/I11)) -> 0.1864707 | J179: =IF((J11=0),("N/A"),(J123/J11)) -> 1.9083333 | K179: =IF((K11=0),("N/A"),(K123/K11)) -> 0.19868637 | L179: =IF((L11=0),("N/A"),(L123/L11)) -> 0.10692501 | ... AW179: =IF((AW11=0),("N/A"),(AW123/AW11)) -> 0.17882529
B180: Hazelwood | D180: 6 | E180: =IF((E12=0),("N/A"),(E124/E12)) -> 0.40522876 | F180: =IF((F12=0),("N/A"),(F124/F12)) -> 0.33023256 | G180: =IF((G12=0),("N/A"),(G124/G12)) -> 0.35714286 | H180: =IF((H12=0),("N/A"),(H124/H12)) -> 0.33333333 | I180: =IF((I12=0),("N/A"),(I124/I12)) -> 0.30979499 | J180: =IF((J12=0),("N/A"),(J124/J12)) -> 3.0151086 | K180: =IF((K12=0),("N/A"),(K124/K12)) -> 0.45120406 | L180: =IF((L12=0),("N/A"),(L124/L12)) -> 0.53580402 | ... AW180: =IF((AW12=0),("N/A"),(AW124/AW12)) -> 0.66378956
B181: Squirrel Hill | D181: 7 | E181: =IF((E13=0),("N/A"),(E125/E13)) -> 0.031307551 | F181: =IF((F13=0),("N/A"),(F125/F13)) -> 0.0085227273 | G181: =IF((G13=0),("N/A"),(G125/G13)) -> 0.12109375 | H181: =IF((H13=0),("N/A"),(H125/H13)) -> 0.045714286 | I181: =IF((I13=0),("N/A"),(I125/I13)) -> 0.050020333 | J181: =IF((J13=0),("N/A"),(J125/J13)) -> 1.5686673 | K181: =IF((K13=0),("N/A"),(K125/K13)) -> 0.19956585 | L181: =IF((L13=0),("N/A"),(L125/L13)) -> 0.10432249 | ... AW181: =IF((AW13=0),("N/A"),(AW125/AW13)) -> 0.16242105
B182: Oakland | D182: 8 | E182: =IF((E14=0),("N/A"),(E126/E14)) -> -0.037681159 | F182: =IF((F14=0),("N/A"),(F126/F14)) -> -0.080578512 | G182: =IF((G14=0),("N/A"),(G126/G14)) -> -0.01010101 | H182: =IF((H14=0),("N/A"),(H126/H14)) -> -0.075 | I182: =IF((I14=0),("N/A"),(I126/I14)) -> -0.057971014 | J182: =IF((J14=0),("N/A"),(J126/J14)) -> 1.9072165 | K182: =IF((K14=0),("N/A"),(K126/K14)) -> 0.10680751 | L182: =IF((L14=0),("N/A"),(L126/L14)) -> 0.065720397 | ... AW182: =IF((AW14=0),("N/A"),(AW126/AW14)) -> 0.087322288
B183: South Side | D183: 9 | E183: =IF((E15=0),("N/A"),(E127/E15)) -> 0.010666667 | F183: =IF((F15=0),("N/A"),(F127/F15)) -> -0.019047619 | G183: =IF((G15=0),("N/A"),(G127/G15)) -> 0.056701031 | H183: =IF((H15=0),("N/A"),(H127/H15)) -> -0.053030303 | I183: =IF((I15=0),("N/A"),(I127/I15)) -> -0.074944072 | J183: =IF((J15=0),("N/A"),(J127/J15)) -> 1.9858491 | K183: =IF((K15=0),("N/A"),(K127/K15)) -> 0.12990937 | L183: =IF((L15=0),("N/A"),(L127/L15)) -> 0.09274315 | ... AW183: =IF((AW15=0),("N/A"),(AW127/AW15)) -> 0.12661155
B184: Shadyside | D184: 10 | E184: =IF((E16=0),("N/A"),(E128/E16)) -> 0.024509804 | F184: =IF((F16=0),("N/A"),(F128/F16)) -> 0.0047058824 | G184: =IF((G16=0),("N/A"),(G128/G16)) -> 0.13089005 | H184: =IF((H16=0),("N/A"),(H128/H16)) -> 0 | I184: =IF((I16=0),("N/A"),(I128/I16)) -> 0.021621622 | J184: =IF((J16=0),("N/A"),(J128/J16)) -> 1.7421384 | K184: =IF((K16=0),("N/A"),(K128/K16)) -> 0.16546185 | L184: =IF((L16=0),("N/A"),(L128/L16)) -> 0.095476647 | ... AW184: =IF((AW16=0),("N/A"),(AW128/AW16)) -> 0.11467168
B185: Waterfront (West Homestead Homestead Munhall(part)) | D185: 11 | E185: =IF((E17=0),("N/A"),(E129/E17)) -> -0.048780488 | F185: =IF((F17=0),("N/A"),(F129/F17)) -> -0.11009174 | G185: =IF((G17=0),("N/A"),(G129/G17)) -> -0.025 | H185: =IF((H17=0),("N/A"),(H129/H17)) -> -0.1 | I185: =IF((I17=0),("N/A"),(I129/I17)) -> -0.075949367 | J185: =IF((J17=0),("N/A"),(J129/J17)) -> 1.255 | K185: =IF((K17=0),("N/A"),(K129/K17)) -> 0.052747253 | L185: =IF((L17=0),("N/A"),(L129/L17)) -> -0.012104283 | ... AW185: =IF((AW17=0),("N/A"),(AW129/AW17)) -> 0.044055771
B186: Downtown | D186: 12 | E186: =IF((E18=0),("N/A"),(E130/E18)) -> 0.52 | F186: =IF((F18=0),("N/A"),(F130/F18)) -> 0.46013667 | G186: =IF((G18=0),("N/A"),(G130/G18)) -> 0.69465649 | H186: =IF((H18=0),("N/A"),(H130/H18)) -> 0.44444444 | I186: =IF((I18=0),("N/A"),(I130/I18)) -> 0.52099237 | J186: =IF((J18=0),("N/A"),(J130/J18)) -> 3 | K186: =IF((K18=0),("N/A"),(K130/K18)) -> 0.6779661 | L186: =IF((L18=0),("N/A"),(L130/L18)) -> 0.63181818 | ... AW186: =IF((AW18=0),("N/A"),(AW130/AW18)) -> 0.69147329
B187: East Liberty | D187: 13 | E187: =IF((E19=0),("N/A"),(E131/E19)) -> 0.026086957 | F187: =IF((F19=0),("N/A"),(F131/F19)) -> -0.013761468 | G187: =IF((G19=0),("N/A"),(G131/G19)) -> 0.13265306 | H187: =IF((H19=0),("N/A"),(H131/H19)) -> -0.032258065 | I187: =IF((I19=0),("N/A"),(I131/I19)) -> -0.0076726343 | J187: =IF((J19=0),("N/A"),(J131/J19)) -> 1.5660377 | K187: =IF((K19=0),("N/A"),(K131/K19)) -> 0.16176471 | L187: =IF((L19=0),("N/A"),(L131/L19)) -> 0.077901431 | ... AW187: =IF((AW19=0),("N/A"),(AW131/AW19)) -> 0.098821169
... B218: Allegheny County Southcentral | D218: 44 | E218: =IF((E50=0),("N/A"),(E162/E50)) -> 0.0076384468 | F218: =IF((F50=0),("N/A"),(F162/F50)) -> -0.038840263 | G218: =IF((G50=0),("N/A"),(G162/G50)) -> 0.087394958 | H218: =IF((H50=0),("N/A"),(H162/H50)) -> -0.046875 | I218: =IF((I50=0),("N/A"),(I162/I50)) -> -0.063198833 | J218: =IF((J50=0),("N/A"),(J162/J50)) -> 1.4193548 | K218: =IF((K50=0),("N/A"),(K162/K50)) -> 0.072555205 | L218: =IF((L50=0),("N/A"),(L162/L50)) -> -0.0031746032 | ... AW218: =IF((AW50=0),("N/A"),(AW162/AW50)) -> 0.090152158
D219: Total | E219: =IF((E51=0),("N/A"),(E163/E51)) -> 0.095996617 | F219: =IF((F51=0),("N/A"),(F163/F51)) -> 0.039596097 | G219: =IF((G51=0),("N/A"),(G163/G51)) -> 0.16169281 | H219: =IF((H51=0),("N/A"),(H163/H51)) -> 0.12567365 | I219: =IF((I51=0),("N/A"),(I163/I51)) -> 0.15221698 | J219: =IF((J51=0),("N/A"),(J163/J51)) -> 1.7427618 | K219: =IF((K51=0),("N/A"),(K163/K51)) -> 0.14981091 | L219: =IF((L51=0),("N/A"),(L163/L51)) -> 0.081578441 | ... AW219: =IF((AW51=0),("N/A"),(AW163/AW51)) -> 0.11658824

Sheet T3_NHB_TotPers
D4: - - - - - Table 3a - 2020 Non Home-Based (NHB) Person Trips - - - - -
B5: District Names | E5: Destination District
E6: 1 | F6: 2 | G6: 3 | H6: 4 | I6: 5 | J6: 6 | K6: 7 | L6: 8 | M6: 9 | N6: 10 | O6: 11 | P6: 12 | Q6: 13 | R6: 14 | S6: 15 | T6: 16 | U6: 17 | V6: 18 | W6: 19 | X6: 20 | Y6: 21 | Z6: 22 | AA6: 23 | AB6: 24 | AC6: 25 | AD6: 26 | AE6: 27 | AF6: 28 | AG6: 29 | AH6: 30 | AI6: 31 | AJ6: 32 | AK6: 33 | AL6: 34 | AM6: 35 | AN6: 36 | AO6: 37 | AP6: 38 | AQ6: 39 | AR6: 40 | AS6: 41 | AT6: 42 | AU6: 43 | AV6: 44 | AW6: Total
B7: Pittsburgh Chateau Area | C7: Origin District | D7: 1 | E7: 841 | F7: 572 | G7: 292 | H7: 340 | I7: 727 | J7: 25 | K7: 82 | L7: 381 | M7: 213 | N7: 62 | O7: 64 | P7: 902 | Q7: 52 | R7: 112 | S7: 235 | T7: 5 | U7: 38 | V7: 7 | W7: 41 | X7: 98 | Y7: 12 | Z7: 14 | AA7: 4 | AB7: 4 | AC7: 25 | AD7: 114 | AE7: 13 | AF7: 729 | AG7: 0 | AH7: 0 | AI7: 10 | AJ7: 7 | AK7: 14 | AL7: 0 | AM7: 0 | AN7: 0 | AO7: 0 | AP7: 33 | AQ7: 18 | AR7: 117 | AS7: 14 | AT7: 54 | AU7: 693 | AV7: 534 | AW7: =SUM(E7:AV7) -> 7498
B8: Pittsburgh Lower North Side | D8: 2 | E8: 562 | F8: 999 | G8: 368 | H8: 233 | I8: 1142 | J8: 36 | K8: 105 | L8: 513 | M8: 304 | N8: 115 | O8: 82 | P8: 1443 | Q8: 95 | R8: 219 | S8: 460 | T8: 5 | U8: 57 | V8: 10 | W8: 54 | X8: 119 | Y8: 16 | Z8: 21 | AA8: 4 | AB8: 4 | AC8: 32 | AD8: 157 | AE8: 21 | AF8: 654 | AG8: 0 | AH8: 0 | AI8: 5 | AJ8: 10 | AK8: 20 | AL8: 0 | AM8: 0 | AN8: 0 | AO8: 0 | AP8: 43 | AQ8: 26 | AR8: 191 | AS8: 27 | AT8: 103 | AU8: 756 | AV8: 644 | AW8: =SUM(E8:AV8) -> 9655
B9: Pittsburgh Upper North Side | D9: 3 | E9: 303 | F9: 368 | G9: 390 | H9: 255 | I9: 1050 | J9: 17 | K9: 55 | L9: 274 | M9: 140 | N9: 71 | O9: 40 | P9: 655 | Q9: 56 | R9: 118 | S9: 271 | T9: 3 | U9: 35 | V9: 4 | W9: 27 | X9: 67 | Y9: 6 | Z9: 13 | AA9: 3 | AB9: 0 | AC9: 15 | AD9: 81 | AE9: 10 | AF9: 463 | AG9: 0 | AH9: 0 | AI9: 8 | AJ9: 4 | AK9: 19 | AL9: 0 | AM9: 0 | AN9: 0 | AO9: 0 | AP9: 19 | AQ9: 16 | AR9: 92 | AS9: 16 | AT9: 61 | AU9: 386 | AV9: 318 | AW9: =SUM(E9:AV9) -> 5729
B10: Allegheny County Northwest | D10: 4 | E10: 367 | F10: 219 | G10: 269 | H10: 8343 | I10: 2436 | J10: 17 | K10: 48 | L10: 244 | M10: 123 | N10: 39 | O10: 41 | P10: 477 | Q10: 31 | R10: 52 | S10: 125 | T10: 5 | U10: 23 | V10: 4 | W10: 26 | X10: 63 | Y10: 8 | Z10: 6 | AA10: 3 | AB10: 0 | AC10: 15 | AD10: 83 | AE10: 10 | AF10: 3158 | AG10: 0 | AH10: 0 | AI10: 419 | AJ10: 845 | AK10: 163 | AL10: 0 | AM10: 0 | AN10: 0 | AO10: 0 | AP10: 50 | AQ10: 4 | AR10: 60 | AS10: 7 | AT10: 34 | AU10: 473 | AV10: 382 | AW10: =SUM(E10:AV10) -> 18672
B11: Allegheny County North (remainder) | D11: 5 | E11: 798 | F11: 1198 | G11: 1079 | H11: 2451 | I11: 108076 | J11: 94 | K11: 462 | L11: 1911 | M11: 661 | N11: 641 | O11: 243 | P11: 2656 | Q11: 756 | R11: 459 | S11: 2119 | T11: 19 | U11: 2111 | V11: 418 | W11: 852 | X11: 738 | Y11: 109 | Z11: 81 | AA11: 15 | AB11: 1 | AC11: 128 | AD11: 453 | AE11: 45 | AF11: 2351 | AG11: 123 | AH11: 162 | AI11: 179 | AJ11: 710 | AK11: 3931 | AL11: 0 | AM11: 0 | AN11: 4 | AO11: 8 | AP11: 53 | AQ11: 3396 | AR11: 390 | AS11: 336 | AT11: 2092 | AU11: 1539 | AV11: 1409 | AW11: =SUM(E11:AV11) -> 145257
B12: Hazelwood | D12: 6 | E12: 25 | F12: 36 | G12: 16 | H12: 16 | I12: 99 | J12: 175 | K12: 177 | L12: 393 | M12: 204 | N12: 70 | O12: 180 | P12: 188 | Q12: 41 | R12: 19 | S12: 94 | T12: 24 | U12: 41 | V12: 7 | W12: 52 | X12: 136 | Y12: 16 | Z12: 34 | AA12: 13 | AB12: 4 | AC12: 71 | AD12: 191 | AE12: 24 | AF12: 61 | AG12: 0 | AH12: 0 | AI12: 0 | AJ12: 0 | AK12: 0 | AL12: 0 | AM12: 0 | AN12: 0 | AO12: 0 | AP12: 9 | AQ12: 17 | AR12: 45 | AS12: 10 | AT12: 46 | AU12: 143 | AV12: 104 | AW12: =SUM(E12:AV12) -> 2781
B13: Squirrel Hill | D13: 7 | E13: 75 | F13: 99 | G13: 48 | H13: 47 | I13: 483 | J13: 177 | K13: 1502 | L13: 1523 | M13: 432 | N13: 593 | O13: 500 | P13: 527 | Q13: 379 | R13: 68 | S13: 563 | T13: 33 | U13: 254 | V13: 23 | W13: 213 | X13: 810 | Y13: 64 | Z13: 65 | AA13: 17 | AB13: 10 | AC13: 177 | AD13: 232 | AE13: 23 | AF13: 197 | AG13: 0 | AH13: 1 | AI13: 0 | AJ13: 0 | AK13: 2 | AL13: 0 | AM13: 0 | AN13: 0 | AO13: 0 | AP13: 18 | AQ13: 72 | AR13: 124 | AS13: 84 | AT13: 450 | AU13: 321 | AV13: 245 | AW13: =SUM(E13:AV13) -> 10451
B14: Oakland | D14: 8 | E14: 388 | F14: 533 | G14: 306 | H14: 252 | I14: 1963 | J14: 408 | K14: 1510 | L14: 10276 | M14: 1902 | N14: 1394 | O14: 673 | P14: 2935 | Q14: 778 | R14: 401 | S14: 2557 | T14: 73 | U14: 443 | V14: 60 | W14: 391 | X14: 1110 | Y14: 101 | Z14: 125 | AA14: 48 | AB14: 29 | AC14: 273 | AD14: 763 | AE14: 94 | AF14: 1002 | AG14: 0 | AH14: 0 | AI14: 2 | AJ14: 3 | AK14: 10 | AL14: 0 | AM14: 0 | AN14: 0 | AO14: 0 | AP14: 76 | AQ14: 143 | AR14: 831 | AS14: 178 | AT14: 720 | AU14: 1565 | AV14: 1197 | AW14: =SUM(E14:AV14) -> 35513
B15: South Side | D15: 9 | E15: 214 | F15: 296 | G15: 149 | H15: 119 | I15: 751 | J15: 198 | K15: 410 | L15: 1905 | M15: 2251 | N15: 252 | O15: 320 | P15: 1599 | Q15: 126 | R15: 172 | S15: 483 | T15: 47 | U15: 125 | V15: 20 | W15: 150 | X15: 383 | Y15: 37 | Z15: 59 | AA15: 25 | AB15: 15 | AC15: 137 | AD15: 555 | AE15: 49 | AF15: 544 | AG15: 0 | AH15: 0 | AI15: 3 | AJ15: 4 | AK15: 10 | AL15: 0 | AM15: 0 | AN15: 0 | AO15: 0 | AP15: 56 | AQ15: 48 | AR15: 417 | AS15: 29 | AT15: 153 | AU15: 1454 | AV15: 855 | AW15: =SUM(E15:AV15) -> 14420
B16: Shadyside | D16: 10 | E16: 59 | F16: 118 | G16: 72 | H16: 40 | I16: 642 | J16: 68 | K16: 579 | L16: 1537 | M16: 224 | N16: 1104 | O16: 181 | P16: 463 | Q16: 528 | R16: 101 | S16: 1000 | T16: 11 | U16: 236 | V16: 18 | W16: 154 | X16: 472 | Y16: 45 | Z16: 29 | AA16: 6 | AB16: 5 | AC16: 72 | AD16: 111 | AE16: 15 | AF16: 133 | AG16: 0 | AH16: 0 | AI16: 0 | AJ16: 0 | AK16: 3 | AL16: 0 | AM16: 0 | AN16: 0 | AO16: 0 | AP16: 10 | AQ16: 56 | AR16: 111 | AS16: 120 | AT16: 444 | AU16: 229 | AV16: 173 | AW16: =SUM(E16:AV16) -> 9169
B17: Waterfront (West Homestead Homestead Munhall(part)) | D17: 11 | E17: 59 | F17: 76 | G17: 40 | H17: 38 | I17: 254 | J17: 189 | K17: 496 | L17: 697 | M17: 347 | N17: 185 | O17: 3432 | P17: 360 | Q17: 123 | R17: 39 | S17: 194 | T17: 116 | U17: 153 | V17: 22 | W17: 253 | X17: 834 | Y17: 162 | Z17: 227 | AA17: 58 | AB17: 23 | AC17: 891 | AD17: 786 | AE17: 93 | AF17: 169 | AG17: 0 | AH17: 0 | AI17: 0 | AJ17: 0 | AK17: 0 | AL17: 0 | AM17: 0 | AN17: 0 | AO17: 0 | AP17: 36 | AQ17: 104 | AR17: 75 | AS17: 28 | AT17: 153 | AU17: 416 | AV17: 345 | AW17: =SUM(E17:AV17) -> 11473
B18: Downtown | D18: 12 | E18: 878 | F18: 1479 | G18: 662 | H18: 469 | I18: 2645 | J18: 195 | K18: 539 | L18: 2794 | M18: 1681 | N18: 501 | O18: 366 | P18: 7501 | Q18: 342 | R18: 842 | S18: 1622 | T18: 43 | U18: 215 | V18: 40 | W18: 234 | X18: 565 | Y18: 53 | Z18: 87 | AA18: 27 | AB18: 18 | AC18: 147 | AD18: 801 | AE18: 87 | AF18: 1847 | AG18: 0 | AH18: 0 | AI18: 10 | AJ18: 16 | AK18: 42 | AL18: 0 | AM18: 0 | AN18: 0 | AO18: 0 | AP18: 165 | AQ18: 94 | AR18: 1106 | AS18: 94 | AT18: 323 | AU18: 3037 | AV18: 2398 | AW18: =SUM(E18:AV18) -> 33965
B19: East Liberty | D19: 13 | E19: 52 | F19: 98 | G19: 58 | H19: 36 | I19: 750 | J19: 41 | K19: 373 | L19: 800 | M19: 122 | N19: 531 | O19: 121 | P19: 319 | Q19: 765 | R19: 82 | S19: 803 | T19: 9 | U19: 288 | V19: 24 | W19: 142 | X19: 427 | Y19: 43 | Z19: 26 | AA19: 6 | AB19: 2 | AC19: 57 | AD19: 72 | AE19: 11 | AF19: 111 | AG19: 0 | AH19: 0 | AI19: 0 | AJ19: 0 | AK19: 5 | AL19: 0 | AM19: 0 | AN19: 0 | AO19: 0 | AP19: 6 | AQ19: 59 | AR19: 64 | AS19: 178 | AT19: 520 | AU19: 171 | AV19: 138 | AW19: =SUM(E19:AV19) -> 7310
... B50: Allegheny County Southcentral | D50: 44 | E50: 516 | F50: 620 | G50: 311 | H50: 349 | I50: 1384 | J50: 99 | K50: 258 | L50: 1249 | M50: 878 | N50: 198 | O50: 355 | P50: 2496 | Q50: 138 | R50: 268 | S50: 575 | T50: 56 | U50: 123 | V50: 19 | W50: 168 | X50: 339 | Y50: 67 | Z50: 150 | AA50: 59 | AB50: 53 | AC50: 224 | AD50: 3910 | AE50: 1305 | AF50: 7641 | AG50: 0 | AH50: 0 | AI50: 36 | AJ50: 18 | AK50: 11 | AL50: 1 | AM50: 0 | AN50: 0 | AO50: 0 | AP50: 3288 | AQ50: 60 | AR50: 368 | AS50: 36 | AT50: 157 | AU50: 4958 | AV50: 36674 | AW50: =SUM(E50:AV50) -> 69415
D51: Total | E51: =SUM(E7:E50) -> 7531 | F51: =SUM(F7:F50) -> 9711 | G51: =SUM(G7:G50) -> 5777 | H51: =SUM(H7:H50) -> 18807 | I51: =SUM(I7:I50) -> 145930 | J51: =SUM(J7:J50) -> 2800 | K51: =SUM(K7:K50) -> 10523 | L51: =SUM(L7:L50) -> 35734 | ... AV51: =SUM(AV7:AV50) -> 69731 | AW51: =SUM(E51:AV51) -> 1371044
D60: - - - - - Table 3b - 2045 Non Home-Based (NHB) Person Trips - - - - -
B61: District Names | E61: Destination District
E62: 1 | F62: 2 | G62: 3 | H62: 4 | I62: 5 | J62: 6 | K62: 7 | L62: 8 | M62: 9 | N62: 10 | O62: 11 | P62: 12 | Q62: 13 | R62: 14 | S62: 15 | T62: 16 | U62: 17 | V62: 18 | W62: 19 | X62: 20 | Y62: 21 | Z62: 22 | AA62: 23 | AB62: 24 | AC62: 25 | AD62: 26 | AE62: 27 | AF62: 28 | AG62: 29 | AH62: 30 | AI62: 31 | AJ62: 32 | AK62: 33 | AL62: 34 | AM62: 35 | AN62: 36 | AO62: 37 | AP62: 38 | AQ62: 39 | AR62: 40 | AS62: 41 | AT62: 42 | AU62: 43 | AV62: 44 | AW62: Total
B63: Pittsburgh Chateau Area | C63: Origin District | D63: 1 | E63: 920 | F63: 572 | G63: 326 | H63: 360 | I63: 788 | J63: 58 | K63: 86 | L63: 398 | M63: 226 | N63: 57 | O63: 64 | P63: 1043 | Q63: 57 | R63: 157 | S63: 262 | T63: 5 | U63: 40 | V63: 6 | W63: 42 | X63: 96 | Y63: 12 | Z63: 14 | AA63: 5 | AB63: 3 | AC63: 27 | AD63: 122 | AE63: 16 | AF63: 781 | AG63: 0 | AH63: 0 | AI63: 7 | AJ63: 8 | AK63: 13 | AL63: 0 | AM63: 0 | AN63: 0 | AO63: 0 | AP63: 36 | AQ63: 19 | AR63: 152 | AS63: 15 | AT63: 68 | AU63: 769 | AV63: 561 | AW63: =SUM(E63:AV63) -> 8191
B64: Pittsburgh Lower North Side | D64: 2 | E64: 565 | F64: 951 | G64: 382 | H64: 233 | I64: 1157 | J64: 76 | K64: 107 | L64: 485 | M64: 309 | N64: 106 | O64: 78 | P64: 1561 | Q64: 98 | R64: 287 | S64: 481 | T64: 9 | U64: 50 | V64: 15 | W64: 48 | X64: 120 | Y64: 12 | Z64: 19 | AA64: 6 | AB64: 1 | AC64: 34 | AD64: 140 | AE64: 19 | AF64: 659 | AG64: 0 | AH64: 0 | AI64: 4 | AJ64: 9 | AK64: 18 | AL64: 0 | AM64: 0 | AN64: 0 | AO64: 0 | AP64: 46 | AQ64: 28 | AR64: 234 | AS64: 29 | AT64: 105 | AU64: 774 | AV64: 637 | AW64: =SUM(E64:AV64) -> 9892
B65: Pittsburgh Upper North Side | D65: 3 | E65: 343 | F65: 385 | G65: 456 | H65: 288 | I65: 1177 | J65: 44 | K65: 55 | L65: 297 | M65: 157 | N65: 73 | O65: 43 | P65: 764 | Q65: 66 | R65: 176 | S65: 305 | T65: 3 | U65: 38 | V65: 4 | W65: 28 | X65: 70 | Y65: 8 | Z65: 11 | AA65: 4 | AB65: 0 | AC65: 22 | AD65: 77 | AE65: 15 | AF65: 501 | AG65: 0 | AH65: 0 | AI65: 3 | AJ65: 10 | AK65: 17 | AL65: 0 | AM65: 0 | AN65: 0 | AO65: 0 | AP65: 25 | AQ65: 16 | AR65: 121 | AS65: 18 | AT65: 71 | AU65: 430 | AV65: 344 | AW65: =SUM(E65:AV65) -> 6465
B66: Allegheny County Northwest | D66: 4 | E66: 403 | F66: 219 | G66: 295 | H66: 9081 | I66: 2575 | J66: 34 | K66: 52 | L66: 249 | M66: 126 | N66: 35 | O66: 39 | P66: 542 | Q66: 33 | R66: 78 | S66: 141 | T66: 4 | U66: 23 | V66: 4 | W66: 29 | X66: 59 | Y66: 8 | Z66: 6 | AA66: 3 | AB66: 0 | AC66: 20 | AD66: 85 | AE66: 13 | AF66: 3409 | AG66: 0 | AH66: 0 | AI66: 420 | AJ66: 879 | AK66: 182 | AL66: 0 | AM66: 0 | AN66: 0 | AO66: 0 | AP66: 47 | AQ66: 4 | AR66: 83 | AS66: 7 | AT66: 41 | AU66: 519 | AV66: 392 | AW66: =SUM(E66:AV66) -> 20139
B67: Allegheny County North (remainder) | D67: 5 | E67: 863 | F67: 1224 | G67: 1210 | H67: 2584 | I67: 121400 | J67: 229 | K67: 504 | L67: 1950 | M67: 708 | N67: 621 | O67: 249 | P67: 3097 | Q67: 817 | R67: 647 | S67: 2335 | T67: 22 | U67: 2192 | V67: 494 | W67: 818 | X67: 773 | Y67: 113 | Z67: 82 | AA67: 19 | AB67: 1 | AC67: 134 | AD67: 443 | AE67: 52 | AF67: 2472 | AG67: 113 | AH67: 169 | AI67: 171 | AJ67: 798 | AK67: 4576 | AL67: 0 | AM67: 0 | AN67: 2 | AO67: 8 | AP67: 53 | AQ67: 3500 | AR67: 529 | AS67: 362 | AT67: 2306 | AU67: 1643 | AV67: 1483 | AW67: =SUM(E67:AV67) -> 161766
B68: Hazelwood | D68: 6 | E68: 58 | F68: 70 | G68: 43 | H68: 37 | I68: 239 | J68: 1024 | K68: 393 | L68: 972 | M68: 522 | N68: 147 | O68: 368 | P68: 470 | Q68: 95 | R68: 62 | S68: 222 | T68: 54 | U68: 98 | V68: 14 | W68: 119 | X68: 310 | Y68: 33 | Z68: 70 | AA68: 29 | AB68: 12 | AC68: 142 | AD68: 396 | AE68: 52 | AF68: 152 | AG68: 0 | AH68: 0 | AI68: 0 | AJ68: 0 | AK68: 0 | AL68: 0 | AM68: 0 | AN68: 0 | AO68: 0 | AP68: 20 | AQ68: 38 | AR68: 154 | AS68: 21 | AT68: 116 | AU68: 361 | AV68: 223 | AW68: =SUM(E68:AV68) -> 7136
B69: Squirrel Hill | D69: 7 | E69: 79 | F69: 104 | G69: 59 | H69: 49 | I69: 530 | J69: 395 | K69: 1760 | L69: 1646 | M69: 478 | N69: 602 | O69: 544 | P69: 621 | Q69: 439 | R69: 93 | S69: 651 | T69: 25 | U69: 285 | V69: 25 | W69: 233 | X69: 887 | Y69: 73 | Z69: 60 | AA69: 15 | AB69: 8 | AC69: 190 | AD69: 222 | AE69: 28 | AF69: 222 | AG69: 0 | AH69: 0 | AI69: 0 | AJ69: 0 | AK69: 3 | AL69: 0 | AM69: 0 | AN69: 0 | AO69: 0 | AP69: 22 | AQ69: 80 | AR69: 182 | AS69: 99 | AT69: 526 | AU69: 361 | AV69: 259 | AW69: =SUM(E69:AV69) -> 11855
B70: Oakland | D70: 8 | E70: 386 | F70: 509 | G70: 321 | H70: 255 | I70: 1986 | J70: 999 | K70: 1626 | L70: 10642 | M70: 2034 | N70: 1328 | O70: 675 | P70: 3167 | Q70: 833 | R70: 525 | S70: 2719 | T70: 71 | U70: 452 | V70: 71 | W70: 397 | X70: 1139 | Y70: 104 | Z70: 119 | AA70: 41 | AB70: 25 | AC70: 265 | AD70: 685 | AE70: 97 | AF70: 1055 | AG70: 0 | AH70: 0 | AI70: 1 | AJ70: 1 | AK70: 7 | AL70: 0 | AM70: 0 | AN70: 0 | AO70: 0 | AP70: 80 | AQ70: 153 | AR70: 1166 | AS70: 194 | AT70: 783 | AU70: 1651 | AV70: 1204 | AW70: =SUM(E70:AV70) -> 37766
B71: South Side | D71: 9 | E71: 230 | F71: 301 | G71: 171 | H71: 133 | I71: 790 | J71: 506 | K71: 458 | L71: 2053 | M71: 2498 | N71: 251 | O71: 342 | P71: 1893 | Q71: 141 | R71: 244 | S71: 530 | T71: 53 | U71: 132 | V71: 22 | W71: 162 | X71: 408 | Y71: 38 | Z71: 62 | AA71: 26 | AB71: 17 | AC71: 141 | AD71: 565 | AE71: 51 | AF71: 598 | AG71: 0 | AH71: 0 | AI71: 3 | AJ71: 2 | AK71: 10 | AL71: 0 | AM71: 0 | AN71: 0 | AO71: 0 | AP71: 60 | AQ71: 55 | AR71: 595 | AS71: 32 | AT71: 168 | AU71: 1609 | AV71: 858 | AW71: =SUM(E71:AV71) -> 16208
B72: Shadyside | D72: 10 | E72: 58 | F72: 110 | G72: 71 | H72: 36 | I72: 615 | J72: 143 | K72: 590 | L72: 1474 | M72: 223 | N72: 984 | O72: 172 | P72: 475 | Q72: 537 | R72: 127 | S72: 1018 | T72: 9 | U72: 228 | V72: 22 | W72: 141 | X72: 447 | Y72: 44 | Z72: 26 | AA72: 7 | AB72: 3 | AC72: 62 | AD72: 94 | AE72: 15 | AF72: 132 | AG72: 0 | AH72: 0 | AI72: 0 | AJ72: 0 | AK72: 5 | AL72: 0 | AM72: 0 | AN72: 0 | AO72: 0 | AP72: 9 | AQ72: 54 | AR72: 140 | AS72: 123 | AT72: 454 | AU72: 221 | AV72: 159 | AW72: =SUM(E72:AV72) -> 9028
B73: Waterfront (West Homestead Homestead Munhall(part)) | D73: 11 | E73: 62 | F73: 71 | G73: 42 | H73: 35 | I73: 261 | J73: 383 | K73: 542 | L73: 697 | M73: 364 | N73: 176 | O73: 3450 | P73: 402 | Q73: 131 | R73: 55 | S73: 208 | T73: 126 | U73: 150 | V73: 21 | W73: 269 | X73: 826 | Y73: 163 | Z73: 199 | AA73: 58 | AB73: 24 | AC73: 872 | AD73: 820 | AE73: 112 | AF73: 179 | AG73: 0 | AH73: 0 | AI73: 0 | AJ73: 0 | AK73: 0 | AL73: 0 | AM73: 0 | AN73: 0 | AO73: 0 | AP73: 43 | AQ73: 111 | AR73: 100 | AS73: 30 | AT73: 164 | AU73: 445 | AV73: 342 | AW73: =SUM(E73:AV73) -> 11933
B74: Downtown | D74: 12 | E74: 1012 | F74: 1590 | G74: 775 | H74: 532 | I74: 3051 | J74: 487 | K74: 624 | L74: 3019 | M74: 1970 | N74: 523 | O74: 404 | P74: 9326 | Q74: 397 | R74: 1261 | S74: 1869 | T74: 51 | U74: 236 | V74: 48 | W74: 253 | X74: 619 | Y74: 66 | Z74: 94 | AA74: 27 | AB74: 20 | AC74: 162 | AD74: 819 | AE74: 101 | AF74: 2144 | AG74: 0 | AH74: 0 | AI74: 9 | AJ74: 15 | AK74: 46 | AL74: 0 | AM74: 0 | AN74: 0 | AO74: 0 | AP74: 189 | AQ74: 112 | AR74: 1572 | AS74: 114 | AT74: 379 | AU74: 3481 | AV74: 2644 | AW74: =SUM(E74:AV74) -> 40041
B75: East Liberty | D75: 13 | E75: 56 | F75: 101 | G75: 69 | H75: 35 | I75: 806 | J75: 94 | K75: 428 | L75: 862 | M75: 132 | N75: 541 | O75: 130 | P75: 365 | Q75: 883 | R75: 117 | S75: 923 | T75: 11 | U75: 312 | V75: 27 | W75: 153 | X75: 463 | Y75: 45 | Z75: 26 | AA75: 6 | AB75: 4 | AC75: 55 | AD75: 66 | AE75: 13 | AF75: 129 | AG75: 0 | AH75: 0 | AI75: 0 | AJ75: 0 | AK75: 5 | AL75: 0 | AM75: 0 | AN75: 0 | AO75: 0 | AP75: 7 | AQ75: 64 | AR75: 96 | AS75: 207 | AT75: 601 | AU75: 188 | AV75: 139 | AW75: =SUM(E75:AV75) -> 8159
... B106: Allegheny County Southcentral | D106: 44 | E106: 552 | F106: 615 | G106: 322 | H106: 379 | I106: 1437 | J106: 227 | K106: 281 | L106: 1248 | M106: 879 | N106: 179 | O106: 363 | P106: 2703 | Q106: 135 | R106: 348 | S106: 576 | T106: 64 | U106: 129 | V106: 19 | W106: 192 | X106: 339 | Y106: 69 | Z106: 158 | AA106: 57 | AB106: 56 | AC106: 216 | AD106: 4333 | AE106: 1380 | AF106: 8468 | AG106: 0 | AH106: 0 | AI106: 37 | AJ106: 17 | AK106: 13 | AL106: 2 | AM106: 0 | AN106: 0 | AO106: 0 | AP106: 3677 | AQ106: 51 | AR106: 449 | AS106: 43 | AT106: 164 | AU106: 5438 | AV106: 40440 | AW106: =SUM(E106:AV106) -> 76055
D107: Total | E107: =SUM(E63:E106) -> 8255 | F107: =SUM(F63:F106) -> 9942 | G107: =SUM(G63:G106) -> 6500 | H107: =SUM(H63:H106) -> 20240 | I107: =SUM(I63:I106) -> 162563 | J107: =SUM(J63:J106) -> 7182 | K107: =SUM(K63:K106) -> 11909 | L107: =SUM(L63:L106) -> 38034 | ... AV107: =SUM(AV63:AV106) -> 76496 | AW107: =SUM(E107:AV107) -> 1494658
D116: - - - - - Table 3c - Change - 2020 To 2045 - Non Home-Based (NHB) Person Trips - - - - -
B117: District Names | E117: Destination District
E118: 1 | F118: 2 | G118: 3 | H118: 4 | I118: 5 | J118: 6 | K118: 7 | L118: 8 | M118: 9 | N118: 10 | O118: 11 | P118: 12 | Q118: 13 | R118: 14 | S118: 15 | T118: 16 | U118: 17 | V118: 18 | W118: 19 | X118: 20 | Y118: 21 | Z118: 22 | AA118: 23 | AB118: 24 | AC118: 25 | AD118: 26 | AE118: 27 | AF118: 28 | AG118: 29 | AH118: 30 | AI118: 31 | AJ118: 32 | AK118: 33 | AL118: 34 | AM118: 35 | AN118: 36 | AO118: 37 | AP118: 38 | AQ118: 39 | AR118: 40 | AS118: 41 | AT118: 42 | AU118: 43 | AV118: 44 | AW118: Total
B119: Pittsburgh Chateau Area | C119: Origin District | D119: 1 | E119: =E63-E7 -> 79 | F119: =F63-F7 -> 0 | G119: =G63-G7 -> 34 | H119: =H63-H7 -> 20 | I119: =I63-I7 -> 61 | J119: =J63-J7 -> 33 | K119: =K63-K7 -> 4 | L119: =L63-L7 -> 17 | ... AV119: =AV63-AV7 -> 27 | AW119: =SUM(E119:AV119) -> 693
B120: Pittsburgh Lower North Side | D120: 2 | E120: =E64-E8 -> 3 | F120: =F64-F8 -> -48 | G120: =G64-G8 -> 14 | H120: =H64-H8 -> 0 | I120: =I64-I8 -> 15 | J120: =J64-J8 -> 40 | K120: =K64-K8 -> 2 | L120: =L64-L8 -> -28 | ... AV120: =AV64-AV8 -> -7 | AW120: =SUM(E120:AV120) -> 237
B121: Pittsburgh Upper North Side | D121: 3 | E121: =E65-E9 -> 40 | F121: =F65-F9 -> 17 | G121: =G65-G9 -> 66 | H121: =H65-H9 -> 33 | I121: =I65-I9 -> 127 | J121: =J65-J9 -> 27 | K121: =K65-K9 -> 0 | L121: =L65-L9 -> 23 | ... AV121: =AV65-AV9 -> 26 | AW121: =SUM(E121:AV121) -> 736
B122: Allegheny County Northwest | D122: 4 | E122: =E66-E10 -> 36 | F122: =F66-F10 -> 0 | G122: =G66-G10 -> 26 | H122: =H66-H10 -> 738 | I122: =I66-I10 -> 139 | J122: =J66-J10 -> 17 | K122: =K66-K10 -> 4 | L122: =L66-L10 -> 5 | ... AV122: =AV66-AV10 -> 10 | AW122: =SUM(E122:AV122) -> 1467
B123: Allegheny County North (remainder) | D123: 5 | E123: =E67-E11 -> 65 | F123: =F67-F11 -> 26 | G123: =G67-G11 -> 131 | H123: =H67-H11 -> 133 | I123: =I67-I11 -> 13324 | J123: =J67-J11 -> 135 | K123: =K67-K11 -> 42 | L123: =L67-L11 -> 39 | ... AV123: =AV67-AV11 -> 74 | AW123: =SUM(E123:AV123) -> 16509
B124: Hazelwood | D124: 6 | E124: =E68-E12 -> 33 | F124: =F68-F12 -> 34 | G124: =G68-G12 -> 27 | H124: =H68-H12 -> 21 | I124: =I68-I12 -> 140 | J124: =J68-J12 -> 849 | K124: =K68-K12 -> 216 | L124: =L68-L12 -> 579 | ... AV124: =AV68-AV12 -> 119 | AW124: =SUM(E124:AV124) -> 4355
B125: Squirrel Hill | D125: 7 | E125: =E69-E13 -> 4 | F125: =F69-F13 -> 5 | G125: =G69-G13 -> 11 | H125: =H69-H13 -> 2 | I125: =I69-I13 -> 47 | J125: =J69-J13 -> 218 | K125: =K69-K13 -> 258 | L125: =L69-L13 -> 123 | ... AV125: =AV69-AV13 -> 14 | AW125: =SUM(E125:AV125) -> 1404
B126: Oakland | D126: 8 | E126: =E70-E14 -> -2 | F126: =F70-F14 -> -24 | G126: =G70-G14 -> 15 | H126: =H70-H14 -> 3 | I126: =I70-I14 -> 23 | J126: =J70-J14 -> 591 | K126: =K70-K14 -> 116 | L126: =L70-L14 -> 366 | ... AV126: =AV70-AV14 -> 7 | AW126: =SUM(E126:AV126) -> 2253
B127: South Side | D127: 9 | E127: =E71-E15 -> 16 | F127: =F71-F15 -> 5 | G127: =G71-G15 -> 22 | H127: =H71-H15 -> 14 | I127: =I71-I15 -> 39 | J127: =J71-J15 -> 308 | K127: =K71-K15 -> 48 | L127: =L71-L15 -> 148 | ... AV127: =AV71-AV15 -> 3 | AW127: =SUM(E127:AV127) -> 1788
B128: Shadyside | D128: 10 | E128: =E72-E16 -> -1 | F128: =F72-F16 -> -8 | G128: =G72-G16 -> -1 | H128: =H72-H16 -> -4 | I128: =I72-I16 -> -27 | J128: =J72-J16 -> 75 | K128: =K72-K16 -> 11 | L128: =L72-L16 -> -63 | ... AV128: =AV72-AV16 -> -14 | AW128: =SUM(E128:AV128) -> -141
B129: Waterfront (West Homestead Homestead Munhall(part)) | D129: 11 | E129: =E73-E17 -> 3 | F129: =F73-F17 -> -5 | G129: =G73-G17 -> 2 | H129: =H73-H17 -> -3 | I129: =I73-I17 -> 7 | J129: =J73-J17 -> 194 | K129: =K73-K17 -> 46 | L129: =L73-L17 -> 0 | ... AV129: =AV73-AV17 -> -3 | AW129: =SUM(E129:AV129) -> 460
B130: Downtown | D130: 12 | E130: =E74-E18 -> 134 | F130: =F74-F18 -> 111 | G130: =G74-G18 -> 113 | H130: =H74-H18 -> 63 | I130: =I74-I18 -> 406 | J130: =J74-J18 -> 292 | K130: =K74-K18 -> 85 | L130: =L74-L18 -> 225 | ... AV130: =AV74-AV18 -> 246 | AW130: =SUM(E130:AV130) -> 6076
B131: East Liberty | D131: 13 | E131: =E75-E19 -> 4 | F131: =F75-F19 -> 3 | G131: =G75-G19 -> 11 | H131: =H75-H19 -> -1 | I131: =I75-I19 -> 56 | J131: =J75-J19 -> 53 | K131: =K75-K19 -> 55 | L131: =L75-L19 -> 62 | ... AV131: =AV75-AV19 -> 1 | AW131: =SUM(E131:AV131) -> 849
... B162: Allegheny County Southcentral | D162: 44 | E162: =E106-E50 -> 36 | F162: =F106-F50 -> -5 | G162: =G106-G50 -> 11 | H162: =H106-H50 -> 30 | I162: =I106-I50 -> 53 | J162: =J106-J50 -> 128 | K162: =K106-K50 -> 23 | L162: =L106-L50 -> -1 | ... AV162: =AV106-AV50 -> 3766 | AW162: =SUM(E162:AV162) -> 6640
D163: Total | E163: =SUM(E119:E162) -> 724 | F163: =SUM(F119:F162) -> 231 | G163: =SUM(G119:G162) -> 723 | H163: =SUM(H119:H162) -> 1433 | I163: =SUM(I119:I162) -> 16633 | J163: =SUM(J119:J162) -> 4382 | K163: =SUM(K119:K162) -> 1386 | L163: =SUM(L119:L162) -> 2300 | ... AV163: =SUM(AV119:AV162) -> 6765 | AW163: =SUM(E163:AV163) -> 123614
D172: - - - - - Table 3d - Percent Change - 2020 To 2045 - Non Home-Based (NHB) Person Trips - - - - -
B173: District Names | E173: Destination District
E174: 1 | F174: 2 | G174: 3 | H174: 4 | I174: 5 | J174: 6 | K174: 7 | L174: 8 | M174: 9 | N174: 10 | O174: 11 | P174: 12 | Q174: 13 | R174: 14 | S174: 15 | T174: 16 | U174: 17 | V174: 18 | W174: 19 | X174: 20 | Y174: 21 | Z174: 22 | AA174: 23 | AB174: 24 | AC174: 25 | AD174: 26 | AE174: 27 | AF174: 28 | AG174: 29 | AH174: 30 | AI174: 31 | AJ174: 32 | AK174: 33 | AL174: 34 | AM174: 35 | AN174: 36 | AO174: 37 | AP174: 38 | AQ174: 39 | AR174: 40 | AS174: 41 | AT174: 42 | AU174: 43 | AV174: 44 | AW174: Total
B175: Pittsburgh Chateau Area | C175: Origin District | D175: 1 | E175: =IF((E7=0),("N/A"),(E119/E7)) -> 0.093935791 | F175: =IF((F7=0),("N/A"),(F119/F7)) -> 0 | G175: =IF((G7=0),("N/A"),(G119/G7)) -> 0.11643836 | H175: =IF((H7=0),("N/A"),(H119/H7)) -> 0.058823529 | I175: =IF((I7=0),("N/A"),(I119/I7)) -> 0.083906465 | J175: =IF((J7=0),("N/A"),(J119/J7)) -> 1.32 | K175: =IF((K7=0),("N/A"),(K119/K7)) -> 0.048780488 | L175: =IF((L7=0),("N/A"),(L119/L7)) -> 0.044619423 | ... AW175: =IF((AW7=0),("N/A"),(AW119/AW7)) -> 0.092424647
B176: Pittsburgh Lower North Side | D176: 2 | E176: =IF((E8=0),("N/A"),(E120/E8)) -> 0.0053380783 | F176: =IF((F8=0),("N/A"),(F120/F8)) -> -0.048048048 | G176: =IF((G8=0),("N/A"),(G120/G8)) -> 0.038043478 | H176: =IF((H8=0),("N/A"),(H120/H8)) -> 0 | I176: =IF((I8=0),("N/A"),(I120/I8)) -> 0.013134851 | J176: =IF((J8=0),("N/A"),(J120/J8)) -> 1.1111111 | K176: =IF((K8=0),("N/A"),(K120/K8)) -> 0.019047619 | L176: =IF((L8=0),("N/A"),(L120/L8)) -> -0.054580897 | ... AW176: =IF((AW8=0),("N/A"),(AW120/AW8)) -> 0.024546867
B177: Pittsburgh Upper North Side | D177: 3 | E177: =IF((E9=0),("N/A"),(E121/E9)) -> 0.1320132 | F177: =IF((F9=0),("N/A"),(F121/F9)) -> 0.046195652 | G177: =IF((G9=0),("N/A"),(G121/G9)) -> 0.16923077 | H177: =IF((H9=0),("N/A"),(H121/H9)) -> 0.12941176 | I177: =IF((I9=0),("N/A"),(I121/I9)) -> 0.12095238 | J177: =IF((J9=0),("N/A"),(J121/J9)) -> 1.5882353 | K177: =IF((K9=0),("N/A"),(K121/K9)) -> 0 | L177: =IF((L9=0),("N/A"),(L121/L9)) -> 0.083941606 | ... AW177: =IF((AW9=0),("N/A"),(AW121/AW9)) -> 0.12846919
B178: Allegheny County Northwest | D178: 4 | E178: =IF((E10=0),("N/A"),(E122/E10)) -> 0.098092643 | F178: =IF((F10=0),("N/A"),(F122/F10)) -> 0 | G178: =IF((G10=0),("N/A"),(G122/G10)) -> 0.096654275 | H178: =IF((H10=0),("N/A"),(H122/H10)) -> 0.088457389 | I178: =IF((I10=0),("N/A"),(I122/I10)) -> 0.057060755 | J178: =IF((J10=0),("N/A"),(J122/J10)) -> 1 | K178: =IF((K10=0),("N/A"),(K122/K10)) -> 0.083333333 | L178: =IF((L10=0),("N/A"),(L122/L10)) -> 0.020491803 | ... AW178: =IF((AW10=0),("N/A"),(AW122/AW10)) -> 0.078566838
B179: Allegheny County North (remainder) | D179: 5 | E179: =IF((E11=0),("N/A"),(E123/E11)) -> 0.081453634 | F179: =IF((F11=0),("N/A"),(F123/F11)) -> 0.021702838 | G179: =IF((G11=0),("N/A"),(G123/G11)) -> 0.12140871 | H179: =IF((H11=0),("N/A"),(H123/H11)) -> 0.054263566 | I179: =IF((I11=0),("N/A"),(I123/I11)) -> 0.12328362 | J179: =IF((J11=0),("N/A"),(J123/J11)) -> 1.4361702 | K179: =IF((K11=0),("N/A"),(K123/K11)) -> 0.090909091 | L179: =IF((L11=0),("N/A"),(L123/L11)) -> 0.020408163 | ... AW179: =IF((AW11=0),("N/A"),(AW123/AW11)) -> 0.11365373
B180: Hazelwood | D180: 6 | E180: =IF((E12=0),("N/A"),(E124/E12)) -> 1.32 | F180: =IF((F12=0),("N/A"),(F124/F12)) -> 0.94444444 | G180: =IF((G12=0),("N/A"),(G124/G12)) -> 1.6875 | H180: =IF((H12=0),("N/A"),(H124/H12)) -> 1.3125 | I180: =IF((I12=0),("N/A"),(I124/I12)) -> 1.4141414 | J180: =IF((J12=0),("N/A"),(J124/J12)) -> 4.8514286 | K180: =IF((K12=0),("N/A"),(K124/K12)) -> 1.220339 | L180: =IF((L12=0),("N/A"),(L124/L12)) -> 1.4732824 | ... AW180: =IF((AW12=0),("N/A"),(AW124/AW12)) -> 1.5659835
B181: Squirrel Hill | D181: 7 | E181: =IF((E13=0),("N/A"),(E125/E13)) -> 0.053333333 | F181: =IF((F13=0),("N/A"),(F125/F13)) -> 0.050505051 | G181: =IF((G13=0),("N/A"),(G125/G13)) -> 0.22916667 | H181: =IF((H13=0),("N/A"),(H125/H13)) -> 0.042553191 | I181: =IF((I13=0),("N/A"),(I125/I13)) -> 0.097308489 | J181: =IF((J13=0),("N/A"),(J125/J13)) -> 1.2316384 | K181: =IF((K13=0),("N/A"),(K125/K13)) -> 0.17177097 | L181: =IF((L13=0),("N/A"),(L125/L13)) -> 0.080761655 | ... AW181: =IF((AW13=0),("N/A"),(AW125/AW13)) -> 0.13434121
B182: Oakland | D182: 8 | E182: =IF((E14=0),("N/A"),(E126/E14)) -> -0.0051546392 | F182: =IF((F14=0),("N/A"),(F126/F14)) -> -0.045028143 | G182: =IF((G14=0),("N/A"),(G126/G14)) -> 0.049019608 | H182: =IF((H14=0),("N/A"),(H126/H14)) -> 0.011904762 | I182: =IF((I14=0),("N/A"),(I126/I14)) -> 0.01171676 | J182: =IF((J14=0),("N/A"),(J126/J14)) -> 1.4485294 | K182: =IF((K14=0),("N/A"),(K126/K14)) -> 0.076821192 | L182: =IF((L14=0),("N/A"),(L126/L14)) -> 0.035616972 | ... AW182: =IF((AW14=0),("N/A"),(AW126/AW14)) -> 0.063441557
B183: South Side | D183: 9 | E183: =IF((E15=0),("N/A"),(E127/E15)) -> 0.074766355 | F183: =IF((F15=0),("N/A"),(F127/F15)) -> 0.016891892 | G183: =IF((G15=0),("N/A"),(G127/G15)) -> 0.14765101 | H183: =IF((H15=0),("N/A"),(H127/H15)) -> 0.11764706 | I183: =IF((I15=0),("N/A"),(I127/I15)) -> 0.051930759 | J183: =IF((J15=0),("N/A"),(J127/J15)) -> 1.5555556 | K183: =IF((K15=0),("N/A"),(K127/K15)) -> 0.11707317 | L183: =IF((L15=0),("N/A"),(L127/L15)) -> 0.077690289 | ... AW183: =IF((AW15=0),("N/A"),(AW127/AW15)) -> 0.12399445
B184: Shadyside | D184: 10 | E184: =IF((E16=0),("N/A"),(E128/E16)) -> -0.016949153 | F184: =IF((F16=0),("N/A"),(F128/F16)) -> -0.06779661 | G184: =IF((G16=0),("N/A"),(G128/G16)) -> -0.013888889 | H184: =IF((H16=0),("N/A"),(H128/H16)) -> -0.1 | I184: =IF((I16=0),("N/A"),(I128/I16)) -> -0.042056075 | J184: =IF((J16=0),("N/A"),(J128/J16)) -> 1.1029412 | K184: =IF((K16=0),("N/A"),(K128/K16)) -> 0.018998273 | L184: =IF((L16=0),("N/A"),(L128/L16)) -> -0.040988939 | ... AW184: =IF((AW16=0),("N/A"),(AW128/AW16)) -> -0.015377904
B185: Waterfront (West Homestead Homestead Munhall(part)) | D185: 11 | E185: =IF((E17=0),("N/A"),(E129/E17)) -> 0.050847458 | F185: =IF((F17=0),("N/A"),(F129/F17)) -> -0.065789474 | G185: =IF((G17=0),("N/A"),(G129/G17)) -> 0.05 | H185: =IF((H17=0),("N/A"),(H129/H17)) -> -0.078947368 | I185: =IF((I17=0),("N/A"),(I129/I17)) -> 0.027559055 | J185: =IF((J17=0),("N/A"),(J129/J17)) -> 1.026455 | K185: =IF((K17=0),("N/A"),(K129/K17)) -> 0.092741935 | L185: =IF((L17=0),("N/A"),(L129/L17)) -> 0 | ... AW185: =IF((AW17=0),("N/A"),(AW129/AW17)) -> 0.040094134
B186: Downtown | D186: 12 | E186: =IF((E18=0),("N/A"),(E130/E18)) -> 0.15261959 | F186: =IF((F18=0),("N/A"),(F130/F18)) -> 0.07505071 | G186: =IF((G18=0),("N/A"),(G130/G18)) -> 0.17069486 | H186: =IF((H18=0),("N/A"),(H130/H18)) -> 0.13432836 | I186: =IF((I18=0),("N/A"),(I130/I18)) -> 0.15349716 | J186: =IF((J18=0),("N/A"),(J130/J18)) -> 1.4974359 | K186: =IF((K18=0),("N/A"),(K130/K18)) -> 0.15769944 | L186: =IF((L18=0),("N/A"),(L130/L18)) -> 0.080529707 | ... AW186: =IF((AW18=0),("N/A"),(AW130/AW18)) -> 0.17889003
B187: East Liberty | D187: 13 | E187: =IF((E19=0),("N/A"),(E131/E19)) -> 0.076923077 | F187: =IF((F19=0),("N/A"),(F131/F19)) -> 0.030612245 | G187: =IF((G19=0),("N/A"),(G131/G19)) -> 0.18965517 | H187: =IF((H19=0),("N/A"),(H131/H19)) -> -0.027777778 | I187: =IF((I19=0),("N/A"),(I131/I19)) -> 0.074666667 | J187: =IF((J19=0),("N/A"),(J131/J19)) -> 1.2926829 | K187: =IF((K19=0),("N/A"),(K131/K19)) -> 0.14745308 | L187: =IF((L19=0),("N/A"),(L131/L19)) -> 0.0775 | ... AW187: =IF((AW19=0),("N/A"),(AW131/AW19)) -> 0.11614227
... B218: Allegheny County Southcentral | D218: 44 | E218: =IF((E50=0),("N/A"),(E162/E50)) -> 0.069767442 | F218: =IF((F50=0),("N/A"),(F162/F50)) -> -0.0080645161 | G218: =IF((G50=0),("N/A"),(G162/G50)) -> 0.035369775 | H218: =IF((H50=0),("N/A"),(H162/H50)) -> 0.085959885 | I218: =IF((I50=0),("N/A"),(I162/I50)) -> 0.038294798 | J218: =IF((J50=0),("N/A"),(J162/J50)) -> 1.2929293 | K218: =IF((K50=0),("N/A"),(K162/K50)) -> 0.089147287 | L218: =IF((L50=0),("N/A"),(L162/L50)) -> -0.00080064051 | ... AW218: =IF((AW50=0),("N/A"),(AW162/AW50)) -> 0.095656558
D219: Total | E219: =IF((E51=0),("N/A"),(E163/E51)) -> 0.096135971 | F219: =IF((F51=0),("N/A"),(F163/F51)) -> 0.023787458 | G219: =IF((G51=0),("N/A"),(G163/G51)) -> 0.12515146 | H219: =IF((H51=0),("N/A"),(H163/H51)) -> 0.076195034 | I219: =IF((I51=0),("N/A"),(I163/I51)) -> 0.11397931 | J219: =IF((J51=0),("N/A"),(J163/J51)) -> 1.565 | K219: =IF((K51=0),("N/A"),(K163/K51)) -> 0.13171149 | L219: =IF((L51=0),("N/A"),(L163/L51)) -> 0.064364471 | ... AW219: =IF((AW51=0),("N/A"),(AW163/AW51)) -> 0.090160491

Sheet T4_HBW_HwyVeh
D4: - - - - - Table 4a - 2020 Home-Based Work (HBW) Vehicle Trips - - - - -
B5: District Names | E5: Destination District
E6: 1 | F6: 2 | G6: 3 | H6: 4 | I6: 5 | J6: 6 | K6: 7 | L6: 8 | M6: 9 | N6: 10 | O6: 11 | P6: 12 | Q6: 13 | R6: 14 | S6: 15 | T6: 16 | U6: 17 | V6: 18 | W6: 19 | X6: 20 | Y6: 21 | Z6: 22 | AA6: 23 | AB6: 24 | AC6: 25 | AD6: 26 | AE6: 27 | AF6: 28 | AG6: 29 | AH6: 30 | AI6: 31 | AJ6: 32 | AK6: 33 | AL6: 34 | AM6: 35 | AN6: 36 | AO6: 37 | AP6: 38 | AQ6: 39 | AR6: 40 | AS6: 41 | AT6: 42 | AU6: 43 | AV6: 44 | AW6: Total
B7: Pittsburgh Chateau Area | C7: Origin District | D7: 1 | E7: 532 | F7: 380 | G7: 174 | H7: 103 | I7: 202 | J7: 8 | K7: 14 | L7: 202 | M7: 76 | N7: 13 | O7: 3 | P7: 597 | Q7: 12 | R7: 44 | S7: 94 | T7: 0 | U7: 5 | V7: 0 | W7: 5 | X7: 10 | Y7: 2 | Z7: 0 | AA7: 0 | AB7: 0 | AC7: 3 | AD7: 11 | AE7: 0 | AF7: 304 | AG7: 0 | AH7: 0 | AI7: 1 | AJ7: 2 | AK7: 2 | AL7: 0 | AM7: 0 | AN7: 0 | AO7: 0 | AP7: 4 | AQ7: 0 | AR7: 84 | AS7: 3 | AT7: 11 | AU7: 224 | AV7: 144 | AW7: =SUM(E7:AV7) -> 3269
B8: Pittsburgh Lower North Side | D8: 2 | E8: 224 | F8: 427 | G8: 105 | H8: 23 | I8: 116 | J8: 6 | K8: 12 | L8: 139 | M8: 58 | N8: 13 | O8: 2 | P8: 548 | Q8: 13 | R8: 35 | S8: 88 | T8: 0 | U8: 4 | V8: 0 | W8: 5 | X8: 7 | Y8: 0 | Z8: 0 | AA8: 0 | AB8: 0 | AC8: 0 | AD8: 4 | AE8: 0 | AF8: 90 | AG8: 0 | AH8: 0 | AI8: 0 | AJ8: 0 | AK8: 3 | AL8: 0 | AM8: 0 | AN8: 0 | AO8: 0 | AP8: 1 | AQ8: 1 | AR8: 74 | AS8: 2 | AT8: 10 | AU8: 111 | AV8: 72 | AW8: =SUM(E8:AV8) -> 2193
B9: Pittsburgh Upper North Side | D9: 3 | E9: 908 | F9: 1032 | G9: 712 | H9: 320 | I9: 1015 | J9: 25 | K9: 53 | L9: 750 | M9: 219 | N9: 61 | O9: 9 | P9: 2261 | Q9: 54 | R9: 195 | S9: 401 | T9: 3 | U9: 15 | V9: 1 | W9: 11 | X9: 35 | Y9: 4 | Z9: 0 | AA9: 0 | AB9: 0 | AC9: 3 | AD9: 21 | AE9: 2 | AF9: 742 | AG9: 0 | AH9: 0 | AI9: 1 | AJ9: 4 | AK9: 13 | AL9: 0 | AM9: 0 | AN9: 0 | AO9: 0 | AP9: 9 | AQ9: 1 | AR9: 299 | AS9: 8 | AT9: 40 | AU9: 490 | AV9: 288 | AW9: =SUM(E9:AV9) -> 10005
B10: Allegheny County Northwest | D10: 4 | E10: 944 | F10: 710 | G10: 459 | H10: 7278 | I10: 2766 | J10: 27 | K10: 47 | L10: 701 | M10: 222 | N10: 45 | O10: 11 | P10: 1507 | Q10: 42 | R10: 121 | S10: 269 | T10: 3 | U10: 10 | V10: 0 | W10: 9 | X10: 35 | Y10: 2 | Z10: 0 | AA10: 0 | AB10: 0 | AC10: 2 | AD10: 18 | AE10: 1 | AF10: 4947 | AG10: 0 | AH10: 0 | AI10: 134 | AJ10: 373 | AK10: 147 | AL10: 0 | AM10: 0 | AN10: 0 | AO10: 0 | AP10: 66 | AQ10: 0 | AR10: 229 | AS10: 4 | AT10: 30 | AU10: 710 | AV10: 512 | AW10: =SUM(E10:AV10) -> 22381
B11: Allegheny County North (remainder) | D11: 5 | E11: 2838 | F11: 4158 | G11: 2476 | H11: 3654 | I11: 105936 | J11: 172 | K11: 730 | L11: 7696 | M11: 1110 | N11: 1025 | O11: 111 | P11: 13722 | Q11: 1583 | R11: 1230 | S11: 5350 | T11: 10 | U11: 1696 | V11: 278 | W11: 898 | X11: 615 | Y11: 54 | Z11: 6 | AA11: 0 | AB11: 0 | AC11: 22 | AD11: 58 | AE11: 0 | AF11: 4325 | AG11: 29 | AH11: 55 | AI11: 74 | AJ11: 283 | AK11: 3413 | AL11: 0 | AM11: 0 | AN11: 2 | AO11: 1 | AP11: 17 | AQ11: 1530 | AR11: 1629 | AS11: 389 | AT11: 2333 | AU11: 2003 | AV11: 1237 | AW11: =SUM(E11:AV11) -> 172748
B12: Hazelwood | D12: 6 | E12: 69 | F12: 97 | G12: 32 | H12: 13 | I12: 75 | J12: 324 | K12: 202 | L12: 743 | M12: 287 | N12: 81 | O12: 86 | P12: 500 | Q12: 61 | R12: 35 | S12: 138 | T12: 19 | U12: 15 | V12: 1 | W12: 20 | X12: 79 | Y12: 5 | Z12: 5 | AA12: 2 | AB12: 0 | AC12: 23 | AD12: 64 | AE12: 6 | AF12: 58 | AG12: 0 | AH12: 0 | AI12: 0 | AJ12: 0 | AK12: 0 | AL12: 0 | AM12: 0 | AN12: 0 | AO12: 0 | AP12: 1 | AQ12: 1 | AR12: 130 | AS12: 8 | AT12: 55 | AU12: 139 | AV12: 65 | AW12: =SUM(E12:AV12) -> 3439
B13: Squirrel Hill | D13: 7 | E13: 263 | F13: 333 | G13: 111 | H13: 37 | I13: 434 | J13: 340 | K13: 1843 | L13: 3122 | M13: 595 | N13: 679 | O13: 234 | P13: 1636 | Q13: 537 | R13: 130 | S13: 1001 | T13: 23 | U13: 133 | V13: 10 | W13: 105 | X13: 625 | Y13: 28 | Z13: 16 | AA13: 2 | AB13: 1 | AC13: 60 | AD13: 87 | AE13: 5 | AF13: 209 | AG13: 0 | AH13: 0 | AI13: 0 | AJ13: 0 | AK13: 0 | AL13: 0 | AM13: 0 | AN13: 0 | AO13: 0 | AP13: 0 | AQ13: 9 | AR13: 340 | AS13: 65 | AT13: 526 | AU13: 375 | AV13: 206 | AW13: =SUM(E13:AV13) -> 14120
B14: Oakland | D14: 8 | E14: 103 | F14: 132 | G14: 51 | H14: 15 | I14: 115 | J14: 52 | K14: 150 | L14: 2938 | M14: 220 | N14: 109 | O14: 29 | P14: 711 | Q14: 74 | R14: 47 | S14: 281 | T14: 6 | U14: 15 | V14: 0 | W14: 16 | X14: 60 | Y14: 3 | Z14: 1 | AA14: 1 | AB14: 0 | AC14: 9 | AD14: 13 | AE14: 4 | AF14: 76 | AG14: 0 | AH14: 0 | AI14: 0 | AJ14: 0 | AK14: 1 | AL14: 0 | AM14: 0 | AN14: 0 | AO14: 0 | AP14: 1 | AQ14: 1 | AR14: 188 | AS14: 9 | AT14: 58 | AU14: 149 | AV14: 74 | AW14: =SUM(E14:AV14) -> 5712
B15: South Side | D15: 9 | E15: 129 | F15: 179 | G15: 59 | H15: 17 | I15: 99 | J15: 57 | K15: 64 | L15: 611 | M15: 834 | N15: 42 | O15: 26 | P15: 964 | Q15: 31 | R15: 54 | S15: 171 | T15: 5 | U15: 7 | V15: 0 | W15: 9 | X15: 40 | Y15: 4 | Z15: 2 | AA15: 2 | AB15: 0 | AC15: 7 | AD15: 44 | AE15: 7 | AF15: 121 | AG15: 0 | AH15: 0 | AI15: 0 | AJ15: 0 | AK15: 0 | AL15: 0 | AM15: 0 | AN15: 0 | AO15: 0 | AP15: 1 | AQ15: 1 | AR15: 273 | AS15: 4 | AT15: 23 | AU15: 406 | AV15: 138 | AW15: =SUM(E15:AV15) -> 4431
B16: Shadyside | D16: 10 | E16: 74 | F16: 132 | G16: 64 | H16: 10 | I16: 221 | J16: 42 | K16: 245 | L16: 1334 | M16: 108 | N16: 532 | O16: 31 | P16: 440 | Q16: 336 | R16: 61 | S16: 650 | T16: 3 | U16: 45 | V16: 2 | W16: 21 | X16: 112 | Y16: 5 | Z16: 3 | AA16: 0 | AB16: 0 | AC16: 7 | AD16: 13 | AE16: 1 | AF16: 46 | AG16: 0 | AH16: 0 | AI16: 0 | AJ16: 0 | AK16: 0 | AL16: 0 | AM16: 0 | AN16: 0 | AO16: 0 | AP16: 0 | AQ16: 3 | AR16: 97 | AS16: 43 | AT16: 191 | AU16: 87 | AV16: 49 | AW16: =SUM(E16:AV16) -> 5008
B17: Waterfront (West Homestead Homestead Munhall(part)) | D17: 11 | E17: 50 | F17: 65 | G17: 18 | H17: 7 | I17: 65 | J17: 95 | K17: 148 | L17: 397 | M17: 131 | N17: 60 | O17: 657 | P17: 331 | Q17: 49 | R17: 20 | S17: 96 | T17: 31 | U17: 23 | V17: 2 | W17: 34 | X17: 178 | Y17: 24 | Z17: 25 | AA17: 4 | AB17: 1 | AC17: 130 | AD17: 104 | AE17: 12 | AF17: 44 | AG17: 0 | AH17: 0 | AI17: 0 | AJ17: 0 | AK17: 0 | AL17: 0 | AM17: 0 | AN17: 0 | AO17: 0 | AP17: 2 | AQ17: 4 | AR17: 60 | AS17: 7 | AT17: 49 | AU17: 122 | AV17: 68 | AW17: =SUM(E17:AV17) -> 3113
B18: Downtown | D18: 12 | E18: 43 | F18: 72 | G18: 21 | H18: 7 | I18: 26 | J18: 4 | K18: 5 | L18: 66 | M18: 37 | N18: 6 | O18: 2 | P18: 865 | Q18: 4 | R18: 20 | S18: 37 | T18: 3 | U18: 1 | V18: 0 | W18: 0 | X18: 5 | Y18: 0 | Z18: 0 | AA18: 0 | AB18: 0 | AC18: 0 | AD18: 2 | AE18: 2 | AF18: 26 | AG18: 0 | AH18: 0 | AI18: 0 | AJ18: 0 | AK18: 0 | AL18: 0 | AM18: 0 | AN18: 0 | AO18: 0 | AP18: 0 | AQ18: 0 | AR18: 53 | AS18: 0 | AT18: 2 | AU18: 42 | AV18: 24 | AW18: =SUM(E18:AV18) -> 1375
B19: East Liberty | D19: 13 | E19: 32 | F19: 53 | G19: 29 | H19: 3 | I19: 159 | J19: 15 | K19: 91 | L19: 336 | M19: 37 | N19: 128 | O19: 11 | P19: 154 | Q19: 308 | R19: 20 | S19: 249 | T19: 3 | U19: 33 | V19: 1 | W19: 10 | X19: 57 | Y19: 4 | Z19: 1 | AA19: 1 | AB19: 0 | AC19: 3 | AD19: 7 | AE19: 0 | AF19: 20 | AG19: 0 | AH19: 0 | AI19: 0 | AJ19: 0 | AK19: 0 | AL19: 0 | AM19: 0 | AN19: 0 | AO19: 0 | AP19: 0 | AQ19: 0 | AR19: 40 | AS19: 38 | AT19: 139 | AU19: 33 | AV19: 19 | AW19: =SUM(E19:AV19) -> 2034
... B50: Allegheny County Southcentral | D50: 44 | E50: 1315 | F50: 1482 | G50: 428 | H50: 310 | I50: 742 | J50: 204 | K50: 244 | L50: 2635 | M50: 1214 | N50: 164 | O50: 262 | P50: 5837 | Q50: 134 | R50: 380 | S50: 760 | T50: 64 | U50: 22 | V50: 0 | W50: 23 | X50: 190 | Y50: 21 | Z50: 74 | AA50: 20 | AB50: 18 | AC50: 155 | AD50: 3118 | AE50: 1445 | AF50: 12048 | AG50: 0 | AH50: 0 | AI50: 5 | AJ50: 6 | AK50: 2 | AL50: 0 | AM50: 0 | AN50: 0 | AO50: 0 | AP50: 4691 | AQ50: 8 | AR50: 859 | AS50: 19 | AT50: 109 | AU50: 5916 | AV50: 42175 | AW50: =SUM(E50:AV50) -> 87099
D51: Total | E51: =SUM(E7:E50) -> 13445 | F51: =SUM(F7:F50) -> 15914 | G51: =SUM(G7:G50) -> 7213 | H51: =SUM(H7:H50) -> 21091 | I51: =SUM(I7:I50) -> 163614 | J51: =SUM(J7:J50) -> 4410 | K51: =SUM(K7:K50) -> 10311 | L51: =SUM(L7:L50) -> 51336 | ... AV51: =SUM(AV7:AV50) -> 76916 | AW51: =SUM(E51:AV51) -> 1681781
D60: - - - - - Table 4b - 2045 Home-Based Work (HBW) Vehicle Trips - - - - -
B61: District Names | E61: Destination District
E62: 1 | F62: 2 | G62: 3 | H62: 4 | I62: 5 | J62: 6 | K62: 7 | L62: 8 | M62: 9 | N62: 10 | O62: 11 | P62: 12 | Q62: 13 | R62: 14 | S62: 15 | T62: 16 | U62: 17 | V62: 18 | W62: 19 | X62: 20 | Y62: 21 | Z62: 22 | AA62: 23 | AB62: 24 | AC62: 25 | AD62: 26 | AE62: 27 | AF62: 28 | AG62: 29 | AH62: 30 | AI62: 31 | AJ62: 32 | AK62: 33 | AL62: 34 | AM62: 35 | AN62: 36 | AO62: 37 | AP62: 38 | AQ62: 39 | AR62: 40 | AS62: 41 | AT62: 42 | AU62: 43 | AV62: 44 | AW62: Total
B63: Pittsburgh Chateau Area | C63: Origin District | D63: 1 | E63: 607 | F63: 414 | G63: 190 | H63: 108 | I63: 183 | J63: 27 | K63: 19 | L63: 187 | M63: 91 | N63: 13 | O63: 3 | P63: 745 | Q63: 12 | R63: 66 | S63: 94 | T63: 1 | U63: 1 | V63: 0 | W63: 6 | X63: 12 | Y63: 0 | Z63: 0 | AA63: 0 | AB63: 0 | AC63: 1 | AD63: 9 | AE63: 1 | AF63: 278 | AG63: 0 | AH63: 0 | AI63: 0 | AJ63: 1 | AK63: 2 | AL63: 0 | AM63: 0 | AN63: 0 | AO63: 0 | AP63: 1 | AQ63: 0 | AR63: 107 | AS63: 3 | AT63: 9 | AU63: 254 | AV63: 144 | AW63: =SUM(E63:AV63) -> 3589
B64: Pittsburgh Lower North Side | D64: 2 | E64: 234 | F64: 445 | G64: 116 | H64: 23 | I64: 97 | J64: 18 | K64: 10 | L64: 111 | M64: 67 | N64: 11 | O64: 2 | P64: 526 | Q64: 15 | R64: 49 | S64: 85 | T64: 0 | U64: 5 | V64: 0 | W64: 1 | X64: 7 | Y64: 0 | Z64: 0 | AA64: 0 | AB64: 0 | AC64: 2 | AD64: 7 | AE64: 0 | AF64: 79 | AG64: 0 | AH64: 0 | AI64: 0 | AJ64: 0 | AK64: 1 | AL64: 0 | AM64: 0 | AN64: 0 | AO64: 0 | AP64: 1 | AQ64: 0 | AR64: 88 | AS64: 3 | AT64: 12 | AU64: 119 | AV64: 62 | AW64: =SUM(E64:AV64) -> 2196
B65: Pittsburgh Upper North Side | D65: 3 | E65: 968 | F65: 1041 | G65: 791 | H65: 315 | I65: 937 | J65: 67 | K65: 50 | L65: 672 | M65: 234 | N65: 58 | O65: 11 | P65: 2864 | Q65: 61 | R65: 269 | S65: 397 | T65: 1 | U65: 12 | V65: 0 | W65: 8 | X65: 26 | Y65: 2 | Z65: 0 | AA65: 0 | AB65: 0 | AC65: 3 | AD65: 17 | AE65: 0 | AF65: 679 | AG65: 0 | AH65: 0 | AI65: 1 | AJ65: 2 | AK65: 7 | AL65: 0 | AM65: 0 | AN65: 0 | AO65: 0 | AP65: 4 | AQ65: 0 | AR65: 352 | AS65: 10 | AT65: 40 | AU65: 522 | AV65: 267 | AW65: =SUM(E65:AV65) -> 10688
B66: Allegheny County Northwest | D66: 4 | E66: 1065 | F66: 763 | G66: 528 | H66: 7845 | I66: 2616 | J66: 71 | K66: 60 | L66: 646 | M66: 260 | N66: 42 | O66: 10 | P66: 1954 | Q66: 41 | R66: 172 | S66: 279 | T66: 4 | U66: 7 | V66: 0 | W66: 5 | X66: 27 | Y66: 0 | Z66: 0 | AA66: 0 | AB66: 0 | AC66: 3 | AD66: 20 | AE66: 1 | AF66: 5135 | AG66: 0 | AH66: 0 | AI66: 139 | AJ66: 338 | AK66: 84 | AL66: 0 | AM66: 0 | AN66: 0 | AO66: 0 | AP66: 56 | AQ66: 0 | AR66: 294 | AS66: 8 | AT66: 30 | AU66: 809 | AV66: 536 | AW66: =SUM(E66:AV66) -> 23848
B67: Allegheny County North (remainder) | D67: 5 | E67: 3296 | F67: 4685 | G67: 3076 | H67: 4224 | I67: 122692 | J67: 499 | K67: 902 | L67: 8188 | M67: 1295 | N67: 1128 | O67: 95 | P67: 18765 | Q67: 1955 | R67: 1891 | S67: 6426 | T67: 9 | U67: 1972 | V67: 317 | W67: 821 | X67: 668 | Y67: 47 | Z67: 8 | AA67: 0 | AB67: 0 | AC67: 41 | AD67: 38 | AE67: 0 | AF67: 4840 | AG67: 27 | AH67: 72 | AI67: 88 | AJ67: 329 | AK67: 3301 | AL67: 0 | AM67: 0 | AN67: 0 | AO67: 0 | AP67: 8 | AQ67: 1635 | AR67: 2239 | AS67: 520 | AT67: 2866 | AU67: 2399 | AV67: 1242 | AW67: =SUM(E67:AV67) -> 202604
B68: Hazelwood | D68: 6 | E68: 66 | F68: 94 | G68: 28 | H68: 9 | I68: 66 | J68: 1683 | K68: 255 | L68: 1096 | M68: 286 | N68: 89 | O68: 91 | P68: 617 | Q68: 72 | R68: 45 | S68: 167 | T68: 23 | U68: 18 | V68: 1 | W68: 16 | X68: 88 | Y68: 7 | Z68: 6 | AA68: 1 | AB68: 1 | AC68: 20 | AD68: 77 | AE68: 7 | AF68: 41 | AG68: 0 | AH68: 0 | AI68: 0 | AJ68: 0 | AK68: 0 | AL68: 0 | AM68: 0 | AN68: 0 | AO68: 0 | AP68: 0 | AQ68: 2 | AR68: 173 | AS68: 10 | AT68: 65 | AU68: 145 | AV68: 61 | AW68: =SUM(E68:AV68) -> 5426
B69: Squirrel Hill | D69: 7 | E69: 243 | F69: 303 | G69: 112 | H69: 30 | I69: 365 | J69: 954 | K69: 2197 | L69: 3257 | M69: 639 | N69: 655 | O69: 240 | P69: 1568 | Q69: 579 | R69: 168 | S69: 1089 | T69: 16 | U69: 126 | V69: 6 | W69: 89 | X69: 641 | Y69: 22 | Z69: 17 | AA69: 1 | AB69: 0 | AC69: 64 | AD69: 68 | AE69: 10 | AF69: 149 | AG69: 0 | AH69: 0 | AI69: 0 | AJ69: 0 | AK69: 0 | AL69: 0 | AM69: 0 | AN69: 0 | AO69: 0 | AP69: 0 | AQ69: 11 | AR69: 411 | AS69: 74 | AT69: 562 | AU69: 372 | AV69: 171 | AW69: =SUM(E69:AV69) -> 15209
B70: Oakland | D70: 8 | E70: 88 | F70: 116 | G70: 47 | H70: 9 | I70: 91 | J70: 186 | K70: 149 | L70: 2301 | M70: 261 | N70: 102 | O70: 25 | P70: 623 | Q70: 71 | R70: 54 | S70: 300 | T70: 1 | U70: 12 | V70: 1 | W70: 11 | X70: 52 | Y70: 1 | Z70: 2 | AA70: 1 | AB70: 0 | AC70: 8 | AD70: 10 | AE70: 3 | AF70: 52 | AG70: 0 | AH70: 0 | AI70: 0 | AJ70: 0 | AK70: 0 | AL70: 0 | AM70: 0 | AN70: 0 | AO70: 0 | AP70: 1 | AQ70: 0 | AR70: 210 | AS70: 8 | AT70: 58 | AU70: 129 | AV70: 61 | AW70: =SUM(E70:AV70) -> 5044
B71: South Side | D71: 9 | E71: 118 | F71: 161 | G71: 53 | H71: 13 | I71: 71 | J71: 151 | K71: 72 | L71: 631 | M71: 925 | N71: 33 | O71: 23 | P71: 996 | Q71: 27 | R71: 70 | S71: 164 | T71: 4 | U71: 7 | V71: 0 | W71: 7 | X71: 29 | Y71: 2 | Z71: 3 | AA71: 1 | AB71: 0 | AC71: 8 | AD71: 44 | AE71: 1 | AF71: 92 | AG71: 0 | AH71: 0 | AI71: 0 | AJ71: 0 | AK71: 0 | AL71: 0 | AM71: 0 | AN71: 0 | AO71: 0 | AP71: 1 | AQ71: 0 | AR71: 295 | AS71: 3 | AT71: 22 | AU71: 429 | AV71: 126 | AW71: =SUM(E71:AV71) -> 4582
B72: Shadyside | D72: 10 | E72: 75 | F72: 119 | G72: 63 | H72: 6 | I72: 187 | J72: 125 | K72: 266 | L72: 1157 | M72: 128 | N72: 551 | O72: 26 | P72: 401 | Q72: 332 | R72: 82 | S72: 742 | T72: 2 | U72: 41 | V72: 2 | W72: 18 | X72: 111 | Y72: 4 | Z72: 4 | AA72: 0 | AB72: 0 | AC72: 7 | AD72: 13 | AE72: 1 | AF72: 38 | AG72: 0 | AH72: 0 | AI72: 0 | AJ72: 0 | AK72: 0 | AL72: 0 | AM72: 0 | AN72: 0 | AO72: 0 | AP72: 0 | AQ72: 2 | AR72: 111 | AS72: 43 | AT72: 204 | AU72: 85 | AV72: 39 | AW72: =SUM(E72:AV72) -> 4985
B73: Waterfront (West Homestead Homestead Munhall(part)) | D73: 11 | E73: 35 | F73: 48 | G73: 16 | H73: 5 | I73: 45 | J73: 253 | K73: 143 | L73: 383 | M73: 141 | N73: 46 | O73: 671 | P73: 264 | Q73: 42 | R73: 19 | S73: 86 | T73: 32 | U73: 25 | V73: 2 | W73: 44 | X73: 224 | Y73: 24 | Z73: 22 | AA73: 2 | AB73: 1 | AC73: 127 | AD73: 106 | AE73: 12 | AF73: 28 | AG73: 0 | AH73: 0 | AI73: 0 | AJ73: 0 | AK73: 0 | AL73: 0 | AM73: 0 | AN73: 0 | AO73: 0 | AP73: 1 | AQ73: 7 | AR73: 64 | AS73: 6 | AT73: 48 | AU73: 125 | AV73: 59 | AW73: =SUM(E73:AV73) -> 3156
B74: Downtown | D74: 12 | E74: 60 | F74: 102 | G74: 37 | H74: 7 | I74: 34 | J74: 15 | K74: 9 | L74: 82 | M74: 64 | N74: 8 | O74: 4 | P74: 1039 | Q74: 6 | R74: 42 | S74: 53 | T74: 3 | U74: 1 | V74: 0 | W74: 3 | X74: 6 | Y74: 0 | Z74: 0 | AA74: 0 | AB74: 0 | AC74: 0 | AD74: 2 | AE74: 0 | AF74: 31 | AG74: 0 | AH74: 0 | AI74: 0 | AJ74: 0 | AK74: 1 | AL74: 0 | AM74: 0 | AN74: 0 | AO74: 0 | AP74: 0 | AQ74: 0 | AR74: 91 | AS74: 1 | AT74: 5 | AU74: 61 | AV74: 35 | AW74: =SUM(E74:AV74) -> 1802
B75: East Liberty | D75: 13 | E75: 30 | F75: 54 | G75: 27 | H75: 4 | I75: 134 | J75: 41 | K75: 91 | L75: 303 | M75: 43 | N75: 111 | O75: 10 | P75: 148 | Q75: 306 | R75: 31 | S75: 282 | T75: 2 | U75: 28 | V75: 1 | W75: 11 | X75: 53 | Y75: 1 | Z75: 2 | AA75: 0 | AB75: 0 | AC75: 2 | AD75: 6 | AE75: 0 | AF75: 16 | AG75: 0 | AH75: 0 | AI75: 0 | AJ75: 0 | AK75: 1 | AL75: 0 | AM75: 0 | AN75: 0 | AO75: 0 | AP75: 0 | AQ75: 1 | AR75: 39 | AS75: 41 | AT75: 139 | AU75: 34 | AV75: 15 | AW75: =SUM(E75:AV75) -> 2007
... B106: Allegheny County Southcentral | D106: 44 | E106: 1330 | F106: 1423 | G106: 424 | H106: 278 | I106: 530 | J106: 677 | K106: 248 | L106: 2348 | M106: 1321 | N106: 122 | O106: 264 | P106: 6671 | Q106: 112 | R106: 474 | S106: 675 | T106: 75 | U106: 17 | V106: 0 | W106: 50 | X106: 177 | Y106: 29 | Z106: 63 | AA106: 22 | AB106: 17 | AC106: 144 | AD106: 3431 | AE106: 1478 | AF106: 11950 | AG106: 0 | AH106: 0 | AI106: 6 | AJ106: 2 | AK106: 1 | AL106: 2 | AM106: 0 | AN106: 0 | AO106: 0 | AP106: 4191 | AQ106: 8 | AR106: 981 | AS106: 17 | AT106: 88 | AU106: 6757 | AV106: 47323 | AW106: =SUM(E106:AV106) -> 93726
D107: Total | E107: =SUM(E63:E106) -> 14241 | F107: =SUM(F63:F106) -> 16194 | G107: =SUM(G63:G106) -> 8228 | H107: =SUM(H63:H106) -> 23797 | I107: =SUM(I63:I106) -> 185115 | J107: =SUM(J63:J106) -> 13794 | K107: =SUM(K63:K106) -> 11561 | L107: =SUM(L63:L106) -> 50642 | ... AV107: =SUM(AV63:AV106) -> 86024 | AW107: =SUM(E107:AV107) -> 1854880
D116: - - - - - Table 4c - Change - 2020 To 2045 - Home-Based Work (HBW) Vehicle Trips - - - - -
B117: District Names | E117: Destination District
E118: 1 | F118: 2 | G118: 3 | H118: 4 | I118: 5 | J118: 6 | K118: 7 | L118: 8 | M118: 9 | N118: 10 | O118: 11 | P118: 12 | Q118: 13 | R118: 14 | S118: 15 | T118: 16 | U118: 17 | V118: 18 | W118: 19 | X118: 20 | Y118: 21 | Z118: 22 | AA118: 23 | AB118: 24 | AC118: 25 | AD118: 26 | AE118: 27 | AF118: 28 | AG118: 29 | AH118: 30 | AI118: 31 | AJ118: 32 | AK118: 33 | AL118: 34 | AM118: 35 | AN118: 36 | AO118: 37 | AP118: 38 | AQ118: 39 | AR118: 40 | AS118: 41 | AT118: 42 | AU118: 43 | AV118: 44 | AW118: Total
B119: Pittsburgh Chateau Area | C119: Origin District | D119: 1 | E119: =E63-E7 -> 75 | F119: =F63-F7 -> 34 | G119: =G63-G7 -> 16 | H119: =H63-H7 -> 5 | I119: =I63-I7 -> -19 | J119: =J63-J7 -> 19 | K119: =K63-K7 -> 5 | L119: =L63-L7 -> -15 | ... AV119: =AV63-AV7 -> 0 | AW119: =SUM(E119:AV119) -> 320
B120: Pittsburgh Lower North Side | D120: 2 | E120: =E64-E8 -> 10 | F120: =F64-F8 -> 18 | G120: =G64-G8 -> 11 | H120: =H64-H8 -> 0 | I120: =I64-I8 -> -19 | J120: =J64-J8 -> 12 | K120: =K64-K8 -> -2 | L120: =L64-L8 -> -28 | ... AV120: =AV64-AV8 -> -10 | AW120: =SUM(E120:AV120) -> 3
B121: Pittsburgh Upper North Side | D121: 3 | E121: =E65-E9 -> 60 | F121: =F65-F9 -> 9 | G121: =G65-G9 -> 79 | H121: =H65-H9 -> -5 | I121: =I65-I9 -> -78 | J121: =J65-J9 -> 42 | K121: =K65-K9 -> -3 | L121: =L65-L9 -> -78 | ... AV121: =AV65-AV9 -> -21 | AW121: =SUM(E121:AV121) -> 683
B122: Allegheny County Northwest | D122: 4 | E122: =E66-E10 -> 121 | F122: =F66-F10 -> 53 | G122: =G66-G10 -> 69 | H122: =H66-H10 -> 567 | I122: =I66-I10 -> -150 | J122: =J66-J10 -> 44 | K122: =K66-K10 -> 13 | L122: =L66-L10 -> -55 | ... AV122: =AV66-AV10 -> 24 | AW122: =SUM(E122:AV122) -> 1467
B123: Allegheny County North (remainder) | D123: 5 | E123: =E67-E11 -> 458 | F123: =F67-F11 -> 527 | G123: =G67-G11 -> 600 | H123: =H67-H11 -> 570 | I123: =I67-I11 -> 16756 | J123: =J67-J11 -> 327 | K123: =K67-K11 -> 172 | L123: =L67-L11 -> 492 | ... AV123: =AV67-AV11 -> 5 | AW123: =SUM(E123:AV123) -> 29856
B124: Hazelwood | D124: 6 | E124: =E68-E12 -> -3 | F124: =F68-F12 -> -3 | G124: =G68-G12 -> -4 | H124: =H68-H12 -> -4 | I124: =I68-I12 -> -9 | J124: =J68-J12 -> 1359 | K124: =K68-K12 -> 53 | L124: =L68-L12 -> 353 | ... AV124: =AV68-AV12 -> -4 | AW124: =SUM(E124:AV124) -> 1987
B125: Squirrel Hill | D125: 7 | E125: =E69-E13 -> -20 | F125: =F69-F13 -> -30 | G125: =G69-G13 -> 1 | H125: =H69-H13 -> -7 | I125: =I69-I13 -> -69 | J125: =J69-J13 -> 614 | K125: =K69-K13 -> 354 | L125: =L69-L13 -> 135 | ... AV125: =AV69-AV13 -> -35 | AW125: =SUM(E125:AV125) -> 1089
B126: Oakland | D126: 8 | E126: =E70-E14 -> -15 | F126: =F70-F14 -> -16 | G126: =G70-G14 -> -4 | H126: =H70-H14 -> -6 | I126: =I70-I14 -> -24 | J126: =J70-J14 -> 134 | K126: =K70-K14 -> -1 | L126: =L70-L14 -> -637 | ... AV126: =AV70-AV14 -> -13 | AW126: =SUM(E126:AV126) -> -668
B127: South Side | D127: 9 | E127: =E71-E15 -> -11 | F127: =F71-F15 -> -18 | G127: =G71-G15 -> -6 | H127: =H71-H15 -> -4 | I127: =I71-I15 -> -28 | J127: =J71-J15 -> 94 | K127: =K71-K15 -> 8 | L127: =L71-L15 -> 20 | ... AV127: =AV71-AV15 -> -12 | AW127: =SUM(E127:AV127) -> 151
B128: Shadyside | D128: 10 | E128: =E72-E16 -> 1 | F128: =F72-F16 -> -13 | G128: =G72-G16 -> -1 | H128: =H72-H16 -> -4 | I128: =I72-I16 -> -34 | J128: =J72-J16 -> 83 | K128: =K72-K16 -> 21 | L128: =L72-L16 -> -177 | ... AV128: =AV72-AV16 -> -10 | AW128: =SUM(E128:AV128) -> -23
B129: Waterfront (West Homestead Homestead Munhall(part)) | D129: 11 | E129: =E73-E17 -> -15 | F129: =F73-F17 -> -17 | G129: =G73-G17 -> -2 | H129: =H73-H17 -> -2 | I129: =I73-I17 -> -20 | J129: =J73-J17 -> 158 | K129: =K73-K17 -> -5 | L129: =L73-L17 -> -14 | ... AV129: =AV73-AV17 -> -9 | AW129: =SUM(E129:AV129) -> 43
B130: Downtown | D130: 12 | E130: =E74-E18 -> 17 | F130: =F74-F18 -> 30 | G130: =G74-G18 -> 16 | H130: =H74-H18 -> 0 | I130: =I74-I18 -> 8 | J130: =J74-J18 -> 11 | K130: =K74-K18 -> 4 | L130: =L74-L18 -> 16 | ... AV130: =AV74-AV18 -> 11 | AW130: =SUM(E130:AV130) -> 427
B131: East Liberty | D131: 13 | E131: =E75-E19 -> -2 | F131: =F75-F19 -> 1 | G131: =G75-G19 -> -2 | H131: =H75-H19 -> 1 | I131: =I75-I19 -> -25 | J131: =J75-J19 -> 26 | K131: =K75-K19 -> 0 | L131: =L75-L19 -> -33 | ... AV131: =AV75-AV19 -> -4 | AW131: =SUM(E131:AV131) -> -27
... B162: Allegheny County Southcentral | D162: 44 | E162: =E106-E50 -> 15 | F162: =F106-F50 -> -59 | G162: =G106-G50 -> -4 | H162: =H106-H50 -> -32 | I162: =I106-I50 -> -212 | J162: =J106-J50 -> 473 | K162: =K106-K50 -> 4 | L162: =L106-L50 -> -287 | ... AV162: =AV106-AV50 -> 5148 | AW162: =SUM(E162:AV162) -> 6627
D163: Total | E163: =SUM(E119:E162) -> 796 | F163: =SUM(F119:F162) -> 280 | G163: =SUM(G119:G162) -> 1015 | H163: =SUM(H119:H162) -> 2706 | I163: =SUM(I119:I162) -> 21501 | J163: =SUM(J119:J162) -> 9384 | K163: =SUM(K119:K162) -> 1250 | L163: =SUM(L119:L162) -> -694 | ... AV163: =SUM(AV119:AV162) -> 9108 | AW163: =SUM(E163:AV163) -> 173099
D172: - - - - - Table 4d - Percent Change - 2020 To 2045 - Home-Based Work (HBW) Vehicle Trips - - - - -
B173: District Names | E173: Destination District
E174: 1 | F174: 2 | G174: 3 | H174: 4 | I174: 5 | J174: 6 | K174: 7 | L174: 8 | M174: 9 | N174: 10 | O174: 11 | P174: 12 | Q174: 13 | R174: 14 | S174: 15 | T174: 16 | U174: 17 | V174: 18 | W174: 19 | X174: 20 | Y174: 21 | Z174: 22 | AA174: 23 | AB174: 24 | AC174: 25 | AD174: 26 | AE174: 27 | AF174: 28 | AG174: 29 | AH174: 30 | AI174: 31 | AJ174: 32 | AK174: 33 | AL174: 34 | AM174: 35 | AN174: 36 | AO174: 37 | AP174: 38 | AQ174: 39 | AR174: 40 | AS174: 41 | AT174: 42 | AU174: 43 | AV174: 44 | AW174: Total
B175: Pittsburgh Chateau Area | C175: Origin District | D175: 1 | E175: =IF((E7=0),("N/A"),(E119/E7)) -> 0.14097744 | F175: =IF((F7=0),("N/A"),(F119/F7)) -> 0.089473684 | G175: =IF((G7=0),("N/A"),(G119/G7)) -> 0.091954023 | H175: =IF((H7=0),("N/A"),(H119/H7)) -> 0.048543689 | I175: =IF((I7=0),("N/A"),(I119/I7)) -> -0.094059406 | J175: =IF((J7=0),("N/A"),(J119/J7)) -> 2.375 | K175: =IF((K7=0),("N/A"),(K119/K7)) -> 0.35714286 | L175: =IF((L7=0),("N/A"),(L119/L7)) -> -0.074257426 | ... AW175: =IF((AW7=0),("N/A"),(AW119/AW7)) -> 0.097889263
B176: Pittsburgh Lower North Side | D176: 2 | E176: =IF((E8=0),("N/A"),(E120/E8)) -> 0.044642857 | F176: =IF((F8=0),("N/A"),(F120/F8)) -> 0.042154567 | G176: =IF((G8=0),("N/A"),(G120/G8)) -> 0.1047619 | H176: =IF((H8=0),("N/A"),(H120/H8)) -> 0 | I176: =IF((I8=0),("N/A"),(I120/I8)) -> -0.1637931 | J176: =IF((J8=0),("N/A"),(J120/J8)) -> 2 | K176: =IF((K8=0),("N/A"),(K120/K8)) -> -0.16666667 | L176: =IF((L8=0),("N/A"),(L120/L8)) -> -0.20143885 | ... AW176: =IF((AW8=0),("N/A"),(AW120/AW8)) -> 0.0013679891
B177: Pittsburgh Upper North Side | D177: 3 | E177: =IF((E9=0),("N/A"),(E121/E9)) -> 0.066079295 | F177: =IF((F9=0),("N/A"),(F121/F9)) -> 0.0087209302 | G177: =IF((G9=0),("N/A"),(G121/G9)) -> 0.11095506 | H177: =IF((H9=0),("N/A"),(H121/H9)) -> -0.015625 | I177: =IF((I9=0),("N/A"),(I121/I9)) -> -0.076847291 | J177: =IF((J9=0),("N/A"),(J121/J9)) -> 1.68 | K177: =IF((K9=0),("N/A"),(K121/K9)) -> -0.056603774 | L177: =IF((L9=0),("N/A"),(L121/L9)) -> -0.104 | ... AW177: =IF((AW9=0),("N/A"),(AW121/AW9)) -> 0.068265867
B178: Allegheny County Northwest | D178: 4 | E178: =IF((E10=0),("N/A"),(E122/E10)) -> 0.12817797 | F178: =IF((F10=0),("N/A"),(F122/F10)) -> 0.074647887 | G178: =IF((G10=0),("N/A"),(G122/G10)) -> 0.1503268 | H178: =IF((H10=0),("N/A"),(H122/H10)) -> 0.077906018 | I178: =IF((I10=0),("N/A"),(I122/I10)) -> -0.054229935 | J178: =IF((J10=0),("N/A"),(J122/J10)) -> 1.6296296 | K178: =IF((K10=0),("N/A"),(K122/K10)) -> 0.27659574 | L178: =IF((L10=0),("N/A"),(L122/L10)) -> -0.078459344 | ... AW178: =IF((AW10=0),("N/A"),(AW122/AW10)) -> 0.065546669
B179: Allegheny County North (remainder) | D179: 5 | E179: =IF((E11=0),("N/A"),(E123/E11)) -> 0.16138125 | F179: =IF((F11=0),("N/A"),(F123/F11)) -> 0.12674363 | G179: =IF((G11=0),("N/A"),(G123/G11)) -> 0.24232633 | H179: =IF((H11=0),("N/A"),(H123/H11)) -> 0.15599343 | I179: =IF((I11=0),("N/A"),(I123/I11)) -> 0.15817097 | J179: =IF((J11=0),("N/A"),(J123/J11)) -> 1.9011628 | K179: =IF((K11=0),("N/A"),(K123/K11)) -> 0.23561644 | L179: =IF((L11=0),("N/A"),(L123/L11)) -> 0.063929314 | ... AW179: =IF((AW11=0),("N/A"),(AW123/AW11)) -> 0.17282979
B180: Hazelwood | D180: 6 | E180: =IF((E12=0),("N/A"),(E124/E12)) -> -0.043478261 | F180: =IF((F12=0),("N/A"),(F124/F12)) -> -0.030927835 | G180: =IF((G12=0),("N/A"),(G124/G12)) -> -0.125 | H180: =IF((H12=0),("N/A"),(H124/H12)) -> -0.30769231 | I180: =IF((I12=0),("N/A"),(I124/I12)) -> -0.12 | J180: =IF((J12=0),("N/A"),(J124/J12)) -> 4.1944444 | K180: =IF((K12=0),("N/A"),(K124/K12)) -> 0.26237624 | L180: =IF((L12=0),("N/A"),(L124/L12)) -> 0.47510094 | ... AW180: =IF((AW12=0),("N/A"),(AW124/AW12)) -> 0.57778424
B181: Squirrel Hill | D181: 7 | E181: =IF((E13=0),("N/A"),(E125/E13)) -> -0.076045627 | F181: =IF((F13=0),("N/A"),(F125/F13)) -> -0.09009009 | G181: =IF((G13=0),("N/A"),(G125/G13)) -> 0.009009009 | H181: =IF((H13=0),("N/A"),(H125/H13)) -> -0.18918919 | I181: =IF((I13=0),("N/A"),(I125/I13)) -> -0.15898618 | J181: =IF((J13=0),("N/A"),(J125/J13)) -> 1.8058824 | K181: =IF((K13=0),("N/A"),(K125/K13)) -> 0.19207813 | L181: =IF((L13=0),("N/A"),(L125/L13)) -> 0.043241512 | ... AW181: =IF((AW13=0),("N/A"),(AW125/AW13)) -> 0.077124646
B182: Oakland | D182: 8 | E182: =IF((E14=0),("N/A"),(E126/E14)) -> -0.14563107 | F182: =IF((F14=0),("N/A"),(F126/F14)) -> -0.12121212 | G182: =IF((G14=0),("N/A"),(G126/G14)) -> -0.078431373 | H182: =IF((H14=0),("N/A"),(H126/H14)) -> -0.4 | I182: =IF((I14=0),("N/A"),(I126/I14)) -> -0.20869565 | J182: =IF((J14=0),("N/A"),(J126/J14)) -> 2.5769231 | K182: =IF((K14=0),("N/A"),(K126/K14)) -> -0.0066666667 | L182: =IF((L14=0),("N/A"),(L126/L14)) -> -0.21681416 | ... AW182: =IF((AW14=0),("N/A"),(AW126/AW14)) -> -0.11694678
B183: South Side | D183: 9 | E183: =IF((E15=0),("N/A"),(E127/E15)) -> -0.085271318 | F183: =IF((F15=0),("N/A"),(F127/F15)) -> -0.10055866 | G183: =IF((G15=0),("N/A"),(G127/G15)) -> -0.10169492 | H183: =IF((H15=0),("N/A"),(H127/H15)) -> -0.23529412 | I183: =IF((I15=0),("N/A"),(I127/I15)) -> -0.28282828 | J183: =IF((J15=0),("N/A"),(J127/J15)) -> 1.6491228 | K183: =IF((K15=0),("N/A"),(K127/K15)) -> 0.125 | L183: =IF((L15=0),("N/A"),(L127/L15)) -> 0.032733224 | ... AW183: =IF((AW15=0),("N/A"),(AW127/AW15)) -> 0.034078086
B184: Shadyside | D184: 10 | E184: =IF((E16=0),("N/A"),(E128/E16)) -> 0.013513514 | F184: =IF((F16=0),("N/A"),(F128/F16)) -> -0.098484848 | G184: =IF((G16=0),("N/A"),(G128/G16)) -> -0.015625 | H184: =IF((H16=0),("N/A"),(H128/H16)) -> -0.4 | I184: =IF((I16=0),("N/A"),(I128/I16)) -> -0.15384615 | J184: =IF((J16=0),("N/A"),(J128/J16)) -> 1.9761905 | K184: =IF((K16=0),("N/A"),(K128/K16)) -> 0.085714286 | L184: =IF((L16=0),("N/A"),(L128/L16)) -> -0.13268366 | ... AW184: =IF((AW16=0),("N/A"),(AW128/AW16)) -> -0.0045926518
B185: Waterfront (West Homestead Homestead Munhall(part)) | D185: 11 | E185: =IF((E17=0),("N/A"),(E129/E17)) -> -0.3 | F185: =IF((F17=0),("N/A"),(F129/F17)) -> -0.26153846 | G185: =IF((G17=0),("N/A"),(G129/G17)) -> -0.11111111 | H185: =IF((H17=0),("N/A"),(H129/H17)) -> -0.28571429 | I185: =IF((I17=0),("N/A"),(I129/I17)) -> -0.30769231 | J185: =IF((J17=0),("N/A"),(J129/J17)) -> 1.6631579 | K185: =IF((K17=0),("N/A"),(K129/K17)) -> -0.033783784 | L185: =IF((L17=0),("N/A"),(L129/L17)) -> -0.035264484 | ... AW185: =IF((AW17=0),("N/A"),(AW129/AW17)) -> 0.013813042
B186: Downtown | D186: 12 | E186: =IF((E18=0),("N/A"),(E130/E18)) -> 0.39534884 | F186: =IF((F18=0),("N/A"),(F130/F18)) -> 0.41666667 | G186: =IF((G18=0),("N/A"),(G130/G18)) -> 0.76190476 | H186: =IF((H18=0),("N/A"),(H130/H18)) -> 0 | I186: =IF((I18=0),("N/A"),(I130/I18)) -> 0.30769231 | J186: =IF((J18=0),("N/A"),(J130/J18)) -> 2.75 | K186: =IF((K18=0),("N/A"),(K130/K18)) -> 0.8 | L186: =IF((L18=0),("N/A"),(L130/L18)) -> 0.24242424 | ... AW186: =IF((AW18=0),("N/A"),(AW130/AW18)) -> 0.31054545
B187: East Liberty | D187: 13 | E187: =IF((E19=0),("N/A"),(E131/E19)) -> -0.0625 | F187: =IF((F19=0),("N/A"),(F131/F19)) -> 0.018867925 | G187: =IF((G19=0),("N/A"),(G131/G19)) -> -0.068965517 | H187: =IF((H19=0),("N/A"),(H131/H19)) -> 0.33333333 | I187: =IF((I19=0),("N/A"),(I131/I19)) -> -0.1572327 | J187: =IF((J19=0),("N/A"),(J131/J19)) -> 1.7333333 | K187: =IF((K19=0),("N/A"),(K131/K19)) -> 0 | L187: =IF((L19=0),("N/A"),(L131/L19)) -> -0.098214286 | ... AW187: =IF((AW19=0),("N/A"),(AW131/AW19)) -> -0.013274336
... B218: Allegheny County Southcentral | D218: 44 | E218: =IF((E50=0),("N/A"),(E162/E50)) -> 0.011406844 | F218: =IF((F50=0),("N/A"),(F162/F50)) -> -0.039811066 | G218: =IF((G50=0),("N/A"),(G162/G50)) -> -0.0093457944 | H218: =IF((H50=0),("N/A"),(H162/H50)) -> -0.10322581 | I218: =IF((I50=0),("N/A"),(I162/I50)) -> -0.28571429 | J218: =IF((J50=0),("N/A"),(J162/J50)) -> 2.3186275 | K218: =IF((K50=0),("N/A"),(K162/K50)) -> 0.016393443 | L218: =IF((L50=0),("N/A"),(L162/L50)) -> -0.10891841 | ... AW218: =IF((AW50=0),("N/A"),(AW162/AW50)) -> 0.076085833
D219: Total | E219: =IF((E51=0),("N/A"),(E163/E51)) -> 0.059204165 | F219: =IF((F51=0),("N/A"),(F163/F51)) -> 0.017594571 | G219: =IF((G51=0),("N/A"),(G163/G51)) -> 0.14071815 | H219: =IF((H51=0),("N/A"),(H163/H51)) -> 0.12830117 | I219: =IF((I51=0),("N/A"),(I163/I51)) -> 0.13141296 | J219: =IF((J51=0),("N/A"),(J163/J51)) -> 2.1278912 | K219: =IF((K51=0),("N/A"),(K163/K51)) -> 0.12122975 | L219: =IF((L51=0),("N/A"),(L163/L51)) -> -0.013518778 | ... AW219: =IF((AW51=0),("N/A"),(AW163/AW51)) -> 0.10292601

Sheet T5_HBO_HwyVeh
D4: - - - - - Table 5a - 2020 Home-Based Other (HBO) Vehicle Trips - - - - -
B5: District Names | E5: Destination District
E6: 1 | F6: 2 | G6: 3 | H6: 4 | I6: 5 | J6: 6 | K6: 7 | L6: 8 | M6: 9 | N6: 10 | O6: 11 | P6: 12 | Q6: 13 | R6: 14 | S6: 15 | T6: 16 | U6: 17 | V6: 18 | W6: 19 | X6: 20 | Y6: 21 | Z6: 22 | AA6: 23 | AB6: 24 | AC6: 25 | AD6: 26 | AE6: 27 | AF6: 28 | AG6: 29 | AH6: 30 | AI6: 31 | AJ6: 32 | AK6: 33 | AL6: 34 | AM6: 35 | AN6: 36 | AO6: 37 | AP6: 38 | AQ6: 39 | AR6: 40 | AS6: 41 | AT6: 42 | AU6: 43 | AV6: 44 | AW6: Total
B7: Pittsburgh Chateau Area | C7: Origin District | D7: 1 | E7: 1171 | F7: 711 | G7: 392 | H7: 638 | I7: 945 | J7: 11 | K7: 35 | L7: 324 | M7: 166 | N7: 27 | O7: 27 | P7: 785 | Q7: 22 | R7: 103 | S7: 156 | T7: 1 | U7: 8 | V7: 0 | W7: 1 | X7: 48 | Y7: 0 | Z7: 0 | AA7: 0 | AB7: 0 | AC7: 7 | AD7: 45 | AE7: 0 | AF7: 1796 | AG7: 0 | AH7: 0 | AI7: 2 | AJ7: 0 | AK7: 0 | AL7: 0 | AM7: 0 | AN7: 0 | AO7: 0 | AP7: 0 | AQ7: 0 | AR7: 127 | AS7: 4 | AT7: 25 | AU7: 605 | AV7: 621 | AW7: =SUM(E7:AV7) -> 8803
B8: Pittsburgh Lower North Side | D8: 2 | E8: 575 | F8: 1190 | G8: 313 | H8: 182 | I8: 920 | J8: 13 | K8: 37 | L8: 342 | M8: 191 | N8: 47 | O8: 34 | P8: 1019 | Q8: 41 | R8: 174 | S8: 275 | T8: 2 | U8: 16 | V8: 0 | W8: 3 | X8: 45 | Y8: 0 | Z8: 0 | AA8: 0 | AB8: 0 | AC8: 5 | AD8: 39 | AE8: 0 | AF8: 876 | AG8: 0 | AH8: 0 | AI8: 0 | AJ8: 0 | AK8: 0 | AL8: 0 | AM8: 0 | AN8: 0 | AO8: 0 | AP8: 0 | AQ8: 0 | AR8: 175 | AS8: 8 | AT8: 40 | AU8: 450 | AV8: 559 | AW8: =SUM(E8:AV8) -> 7571
B9: Pittsburgh Upper North Side | D9: 3 | E9: 1610 | F9: 1909 | G9: 1754 | H9: 1492 | I9: 5310 | J9: 36 | K9: 88 | L9: 970 | M9: 479 | N9: 128 | O9: 80 | P9: 2576 | Q9: 101 | R9: 466 | S9: 718 | T9: 8 | U9: 36 | V9: 0 | W9: 3 | X9: 115 | Y9: 0 | Z9: 0 | AA9: 0 | AB9: 0 | AC9: 14 | AD9: 111 | AE9: 0 | AF9: 3777 | AG9: 0 | AH9: 0 | AI9: 1 | AJ9: 2 | AK9: 1 | AL9: 0 | AM9: 0 | AN9: 0 | AO9: 0 | AP9: 0 | AQ9: 0 | AR9: 458 | AS9: 23 | AT9: 109 | AU9: 1192 | AV9: 1399 | AW9: =SUM(E9:AV9) -> 24966
B10: Allegheny County Northwest | D10: 4 | E10: 957 | F10: 535 | G10: 489 | H10: 20407 | I10: 6107 | J10: 13 | K10: 38 | L10: 385 | M10: 176 | N10: 29 | O10: 32 | P10: 821 | Q10: 23 | R10: 98 | S10: 152 | T10: 2 | U10: 4 | V10: 0 | W10: 0 | X10: 33 | Y10: 0 | Z10: 0 | AA10: 0 | AB10: 0 | AC10: 1 | AD10: 36 | AE10: 0 | AF10: 12167 | AG10: 0 | AH10: 0 | AI10: 278 | AJ10: 942 | AK10: 462 | AL10: 0 | AM10: 0 | AN10: 0 | AO10: 0 | AP10: 0 | AQ10: 0 | AR10: 135 | AS10: 4 | AT10: 25 | AU10: 766 | AV10: 705 | AW10: =SUM(E10:AV10) -> 45822
B11: Allegheny County North (remainder) | D11: 5 | E11: 1674 | F11: 2649 | G11: 2028 | H11: 6057 | I11: 244958 | J11: 73 | K11: 378 | L11: 3437 | M11: 862 | N11: 710 | O11: 146 | P11: 4519 | Q11: 907 | R11: 899 | S11: 3642 | T11: 2 | U11: 2369 | V11: 298 | W11: 762 | X11: 542 | Y11: 5 | Z11: 0 | AA11: 0 | AB11: 0 | AC11: 13 | AD11: 145 | AE11: 0 | AF11: 6365 | AG11: 9 | AH11: 63 | AI11: 42 | AJ11: 354 | AK11: 7009 | AL11: 0 | AM11: 0 | AN11: 0 | AO11: 0 | AP11: 0 | AQ11: 3351 | AR11: 827 | AS11: 358 | AT11: 3146 | AU11: 1689 | AV11: 1943 | AW11: =SUM(E11:AV11) -> 302231
B12: Hazelwood | D12: 6 | E12: 98 | F12: 131 | G12: 52 | H12: 30 | I12: 280 | J12: 658 | K12: 479 | L12: 1875 | M12: 935 | N12: 187 | O12: 534 | P12: 628 | Q12: 108 | R12: 76 | S12: 272 | T12: 52 | U12: 79 | V12: 3 | W12: 147 | X12: 378 | Y12: 20 | Z12: 33 | AA12: 12 | AB12: 1 | AC12: 122 | AD12: 412 | AE12: 26 | AF12: 314 | AG12: 0 | AH12: 0 | AI12: 0 | AJ12: 0 | AK12: 0 | AL12: 0 | AM12: 0 | AN12: 0 | AO12: 0 | AP12: 1 | AQ12: 2 | AR12: 244 | AS12: 18 | AT12: 113 | AU12: 377 | AV12: 351 | AW12: =SUM(E12:AV12) -> 9048
B13: Squirrel Hill | D13: 7 | E13: 337 | F13: 432 | G13: 162 | H13: 108 | I13: 1575 | J13: 605 | K13: 4293 | L13: 6996 | M13: 1952 | N13: 1706 | O13: 1622 | P13: 1765 | Q13: 1065 | R13: 262 | S13: 1803 | T13: 55 | U13: 567 | V13: 17 | W13: 681 | X13: 2663 | Y13: 103 | Z13: 75 | AA13: 14 | AB13: 0 | AC13: 344 | AD13: 457 | AE13: 24 | AF13: 1265 | AG13: 0 | AH13: 0 | AI13: 0 | AJ13: 0 | AK13: 0 | AL13: 0 | AM13: 0 | AN13: 0 | AO13: 0 | AP13: 0 | AQ13: 28 | AR13: 636 | AS13: 183 | AT13: 1148 | AU13: 877 | AV13: 919 | AW13: =SUM(E13:AV13) -> 34739
B14: Oakland | D14: 8 | E14: 206 | F14: 287 | G14: 120 | H14: 76 | I14: 678 | J14: 171 | K14: 483 | L14: 6033 | M14: 1161 | N14: 419 | O14: 233 | P14: 1219 | Q14: 217 | R14: 186 | S14: 959 | T14: 13 | U14: 100 | V14: 2 | W14: 135 | X14: 351 | Y14: 14 | Z14: 9 | AA14: 6 | AB14: 0 | AC14: 57 | AD14: 187 | AE14: 2 | AF14: 700 | AG14: 0 | AH14: 0 | AI14: 0 | AJ14: 0 | AK14: 0 | AL14: 0 | AM14: 0 | AN14: 0 | AO14: 0 | AP14: 0 | AQ14: 0 | AR14: 573 | AS14: 38 | AT14: 186 | AU14: 547 | AV14: 559 | AW14: =SUM(E14:AV14) -> 15927
B15: South Side | D15: 9 | E15: 232 | F15: 320 | G15: 119 | H15: 81 | I15: 566 | J15: 129 | K15: 196 | L15: 1772 | M15: 2440 | N15: 126 | O15: 179 | P15: 1411 | Q15: 57 | R15: 160 | S15: 321 | T15: 15 | U15: 36 | V15: 0 | W15: 82 | X15: 194 | Y15: 11 | Z15: 12 | AA15: 3 | AB15: 0 | AC15: 45 | AD15: 317 | AE15: 13 | AF15: 845 | AG15: 0 | AH15: 0 | AI15: 0 | AJ15: 0 | AK15: 0 | AL15: 0 | AM15: 0 | AN15: 0 | AO15: 0 | AP15: 1 | AQ15: 0 | AR15: 521 | AS15: 10 | AT15: 65 | AU15: 1231 | AV15: 883 | AW15: =SUM(E15:AV15) -> 12393
B16: Shadyside | D16: 10 | E16: 121 | F16: 262 | G16: 121 | H16: 41 | I16: 1170 | J16: 95 | K16: 736 | L16: 3454 | M16: 445 | N16: 1714 | O16: 229 | P16: 668 | Q16: 816 | R16: 201 | S16: 1731 | T16: 7 | U16: 239 | V16: 8 | W16: 206 | X16: 653 | Y16: 33 | Z16: 10 | AA16: 0 | AB16: 0 | AC16: 52 | AD16: 95 | AE16: 0 | AF16: 271 | AG16: 0 | AH16: 0 | AI16: 0 | AJ16: 0 | AK16: 0 | AL16: 0 | AM16: 0 | AN16: 0 | AO16: 0 | AP16: 0 | AQ16: 4 | AR16: 261 | AS16: 142 | AT16: 583 | AU16: 294 | AV16: 286 | AW16: =SUM(E16:AV16) -> 14948
B17: Waterfront (West Homestead Homestead Munhall(part)) | D17: 11 | E17: 48 | F17: 70 | G17: 26 | H17: 12 | I17: 98 | J17: 120 | K17: 269 | L17: 616 | M17: 268 | N17: 94 | O17: 2866 | P17: 257 | Q17: 64 | R17: 30 | S17: 111 | T17: 47 | U17: 77 | V17: 2 | W17: 201 | X17: 669 | Y17: 71 | Z17: 71 | AA17: 11 | AB17: 1 | AC17: 473 | AD17: 349 | AE17: 22 | AF17: 109 | AG17: 0 | AH17: 0 | AI17: 0 | AJ17: 0 | AK17: 0 | AL17: 0 | AM17: 0 | AN17: 0 | AO17: 0 | AP17: 0 | AQ17: 7 | AR17: 68 | AS17: 9 | AT17: 79 | AU17: 200 | AV17: 208 | AW17: =SUM(E17:AV17) -> 7623
B18: Downtown | D18: 12 | E18: 140 | F18: 263 | G18: 82 | H18: 58 | I18: 317 | J18: 14 | K18: 33 | L18: 315 | M18: 196 | N18: 34 | O18: 24 | P18: 1138 | Q18: 23 | R18: 103 | S18: 163 | T18: 0 | U18: 8 | V18: 0 | W18: 8 | X18: 36 | Y18: 0 | Z18: 0 | AA18: 0 | AB18: 0 | AC18: 6 | AD18: 49 | AE18: 0 | AF18: 447 | AG18: 0 | AH18: 0 | AI18: 0 | AJ18: 0 | AK18: 0 | AL18: 0 | AM18: 0 | AN18: 0 | AO18: 0 | AP18: 0 | AQ18: 0 | AR18: 191 | AS18: 5 | AT18: 21 | AU18: 283 | AV18: 340 | AW18: =SUM(E18:AV18) -> 4297
B19: East Liberty | D19: 13 | E19: 67 | F19: 130 | G19: 60 | H19: 18 | I19: 965 | J19: 32 | K19: 278 | L19: 945 | M19: 126 | N19: 447 | O19: 88 | P19: 269 | Q19: 780 | R19: 96 | S19: 824 | T19: 3 | U19: 177 | V19: 10 | W19: 122 | X19: 342 | Y19: 16 | Z19: 3 | AA19: 0 | AB19: 0 | AC19: 24 | AD19: 34 | AE19: 0 | AF19: 103 | AG19: 0 | AH19: 0 | AI19: 0 | AJ19: 0 | AK19: 0 | AL19: 0 | AM19: 0 | AN19: 0 | AO19: 0 | AP19: 0 | AQ19: 1 | AR19: 89 | AS19: 148 | AT19: 427 | AU19: 130 | AV19: 125 | AW19: =SUM(E19:AV19) -> 6879
... B50: Allegheny County Southcentral | D50: 44 | E50: 979 | F50: 1153 | G50: 374 | H50: 371 | I50: 1323 | J50: 115 | K50: 196 | L50: 1883 | M50: 1520 | N50: 154 | O50: 416 | P50: 3852 | Q50: 110 | R50: 442 | S50: 696 | T50: 56 | U50: 28 | V50: 0 | W50: 3 | X50: 186 | Y50: 1 | Z50: 29 | AA50: 17 | AB50: 5 | AC50: 148 | AD50: 6223 | AE50: 2150 | AF50: 30082 | AG50: 0 | AH50: 0 | AI50: 0 | AJ50: 0 | AK50: 0 | AL50: 0 | AM50: 0 | AN50: 0 | AO50: 0 | AP50: 11963 | AQ50: 0 | AR50: 820 | AS50: 20 | AT50: 86 | AU50: 7278 | AV50: 93477 | AW50: =SUM(E50:AV50) -> 166156
D51: Total | E51: =SUM(E7:E50) -> 13107 | F51: =SUM(F7:F50) -> 16351 | G51: =SUM(G7:G50) -> 8710 | H51: =SUM(H7:H50) -> 40695 | I51: =SUM(I7:I50) -> 327790 | J51: =SUM(J7:J50) -> 4601 | K51: =SUM(K7:K50) -> 15030 | L51: =SUM(L7:L50) -> 59359 | ... AV51: =SUM(AV7:AV50) -> 157601 | AW51: =SUM(E51:AV51) -> 3082317
D60: - - - - - Table 5b - 2045 Home-Based Other (HBO) Vehicle Trips - - - - -
B61: District Names | E61: Destination District
E62: 1 | F62: 2 | G62: 3 | H62: 4 | I62: 5 | J62: 6 | K62: 7 | L62: 8 | M62: 9 | N62: 10 | O62: 11 | P62: 12 | Q62: 13 | R62: 14 | S62: 15 | T62: 16 | U62: 17 | V62: 18 | W62: 19 | X62: 20 | Y62: 21 | Z62: 22 | AA62: 23 | AB62: 24 | AC62: 25 | AD62: 26 | AE62: 27 | AF62: 28 | AG62: 29 | AH62: 30 | AI62: 31 | AJ62: 32 | AK62: 33 | AL62: 34 | AM62: 35 | AN62: 36 | AO62: 37 | AP62: 38 | AQ62: 39 | AR62: 40 | AS62: 41 | AT62: 42 | AU62: 43 | AV62: 44 | AW62: Total
B63: Pittsburgh Chateau Area | C63: Origin District | D63: 1 | E63: 1424 | F63: 813 | G63: 480 | H63: 685 | I63: 994 | J63: 40 | K63: 45 | L63: 407 | M63: 217 | N63: 27 | O63: 38 | P63: 1096 | Q63: 32 | R63: 161 | S63: 198 | T63: 1 | U63: 13 | V63: 0 | W63: 1 | X63: 52 | Y63: 0 | Z63: 0 | AA63: 0 | AB63: 0 | AC63: 9 | AD63: 61 | AE63: 0 | AF63: 1923 | AG63: 0 | AH63: 0 | AI63: 0 | AJ63: 0 | AK63: 0 | AL63: 0 | AM63: 0 | AN63: 0 | AO63: 0 | AP63: 0 | AQ63: 0 | AR63: 195 | AS63: 6 | AT63: 31 | AU63: 769 | AV63: 731 | AW63: =SUM(E63:AV63) -> 10449
B64: Pittsburgh Lower North Side | D64: 2 | E64: 612 | F64: 1257 | G64: 361 | H64: 178 | I64: 945 | J64: 40 | K64: 39 | L64: 367 | M64: 224 | N64: 50 | O64: 36 | P64: 1224 | Q64: 47 | R64: 254 | S64: 322 | T64: 2 | U64: 18 | V64: 0 | W64: 3 | X64: 52 | Y64: 0 | Z64: 0 | AA64: 0 | AB64: 0 | AC64: 7 | AD64: 42 | AE64: 0 | AF64: 933 | AG64: 0 | AH64: 0 | AI64: 0 | AJ64: 0 | AK64: 0 | AL64: 0 | AM64: 0 | AN64: 0 | AO64: 0 | AP64: 0 | AQ64: 0 | AR64: 240 | AS64: 11 | AT64: 52 | AU64: 527 | AV64: 616 | AW64: =SUM(E64:AV64) -> 8459
B65: Pittsburgh Upper North Side | D65: 3 | E65: 1765 | F65: 1989 | G65: 2048 | H65: 1528 | I65: 5338 | J65: 106 | K65: 99 | L65: 1041 | M65: 557 | N65: 125 | O65: 91 | P65: 3142 | Q65: 119 | R65: 671 | S65: 838 | T65: 2 | U65: 42 | V65: 0 | W65: 2 | X65: 119 | Y65: 0 | Z65: 0 | AA65: 0 | AB65: 0 | AC65: 18 | AD65: 110 | AE65: 0 | AF65: 3765 | AG65: 0 | AH65: 0 | AI65: 0 | AJ65: 0 | AK65: 0 | AL65: 0 | AM65: 0 | AN65: 0 | AO65: 0 | AP65: 0 | AQ65: 0 | AR65: 590 | AS65: 25 | AT65: 130 | AU65: 1386 | AV65: 1529 | AW65: =SUM(E65:AV65) -> 27175
B66: Allegheny County Northwest | D66: 4 | E66: 1136 | F66: 596 | G66: 585 | H66: 23056 | I66: 5581 | J66: 41 | K66: 46 | L66: 471 | M66: 228 | N66: 31 | O66: 39 | P66: 1094 | Q66: 29 | R66: 153 | S66: 190 | T66: 1 | U66: 4 | V66: 0 | W66: 0 | X66: 35 | Y66: 0 | Z66: 0 | AA66: 0 | AB66: 0 | AC66: 2 | AD66: 45 | AE66: 0 | AF66: 13350 | AG66: 0 | AH66: 0 | AI66: 291 | AJ66: 895 | AK66: 262 | AL66: 0 | AM66: 0 | AN66: 0 | AO66: 0 | AP66: 0 | AQ66: 0 | AR66: 200 | AS66: 7 | AT66: 30 | AU66: 940 | AV66: 791 | AW66: =SUM(E66:AV66) -> 50129
B67: Allegheny County North (remainder) | D67: 5 | E67: 1857 | F67: 2872 | G67: 2461 | H67: 7204 | I67: 290665 | J67: 218 | K67: 456 | L67: 3824 | M67: 1054 | N67: 726 | O67: 152 | P67: 5874 | Q67: 1053 | R67: 1383 | S67: 4338 | T67: 4 | U67: 2651 | V67: 353 | W67: 626 | X67: 601 | Y67: 8 | Z67: 0 | AA67: 0 | AB67: 0 | AC67: 22 | AD67: 129 | AE67: 0 | AF67: 7187 | AG67: 11 | AH67: 85 | AI67: 62 | AJ67: 514 | AK67: 7124 | AL67: 0 | AM67: 0 | AN67: 0 | AO67: 0 | AP67: 0 | AQ67: 3479 | AR67: 1160 | AS67: 426 | AT67: 3688 | AU67: 2001 | AV67: 2185 | AW67: =SUM(E67:AV67) -> 356453
B68: Hazelwood | D68: 6 | E68: 129 | F68: 177 | G68: 74 | H68: 41 | I68: 366 | J68: 2672 | K68: 684 | L68: 2825 | M68: 1517 | N68: 241 | O68: 745 | P68: 940 | Q68: 152 | R68: 136 | S68: 416 | T68: 73 | U68: 115 | V68: 3 | W68: 198 | X68: 551 | Y68: 30 | Z68: 47 | AA68: 13 | AB68: 2 | AC68: 162 | AD68: 572 | AE68: 40 | AF68: 349 | AG68: 0 | AH68: 0 | AI68: 0 | AJ68: 0 | AK68: 0 | AL68: 0 | AM68: 0 | AN68: 0 | AO68: 0 | AP68: 1 | AQ68: 1 | AR68: 461 | AS68: 27 | AT68: 170 | AU68: 587 | AV68: 463 | AW68: =SUM(E68:AV68) -> 14980
B69: Squirrel Hill | D69: 7 | E69: 345 | F69: 441 | G69: 179 | H69: 118 | I69: 1650 | J69: 1516 | K69: 5110 | L69: 7636 | M69: 2266 | N69: 1725 | O69: 1873 | P69: 1970 | Q69: 1235 | R69: 376 | S69: 2097 | T69: 54 | U69: 633 | V69: 23 | W69: 708 | X69: 3152 | Y69: 127 | Z69: 71 | AA69: 16 | AB69: 0 | AC69: 404 | AD69: 464 | AE69: 23 | AF69: 1292 | AG69: 0 | AH69: 0 | AI69: 0 | AJ69: 0 | AK69: 0 | AL69: 0 | AM69: 0 | AN69: 0 | AO69: 0 | AP69: 0 | AQ69: 26 | AR69: 853 | AS69: 212 | AT69: 1367 | AU69: 1011 | AV69: 965 | AW69: =SUM(E69:AV69) -> 39938
B70: Oakland | D70: 8 | E70: 195 | F70: 265 | G70: 122 | H70: 72 | I70: 646 | J70: 491 | K70: 528 | L70: 6172 | M70: 1309 | N70: 408 | O70: 254 | P70: 1297 | Q70: 241 | R70: 232 | S70: 1057 | T70: 13 | U70: 103 | V70: 1 | W70: 126 | X70: 372 | Y70: 19 | Z70: 8 | AA70: 1 | AB70: 0 | AC70: 54 | AD70: 175 | AE70: 6 | AF70: 682 | AG70: 0 | AH70: 0 | AI70: 0 | AJ70: 0 | AK70: 0 | AL70: 0 | AM70: 0 | AN70: 0 | AO70: 0 | AP70: 0 | AQ70: 0 | AR70: 756 | AS70: 41 | AT70: 207 | AU70: 597 | AV70: 549 | AW70: =SUM(E70:AV70) -> 16999
B71: South Side | D71: 9 | E71: 232 | F71: 316 | G71: 126 | H71: 78 | I71: 523 | J71: 379 | K71: 223 | L71: 1948 | M71: 2778 | N71: 124 | O71: 201 | P71: 1634 | Q71: 63 | R71: 223 | S71: 343 | T71: 19 | U71: 42 | V71: 0 | W71: 77 | X71: 209 | Y71: 12 | Z71: 12 | AA71: 6 | AB71: 0 | AC71: 50 | AD71: 330 | AE71: 13 | AF71: 872 | AG71: 0 | AH71: 0 | AI71: 0 | AJ71: 0 | AK71: 0 | AL71: 0 | AM71: 0 | AN71: 0 | AO71: 0 | AP71: 1 | AQ71: 0 | AR71: 720 | AS71: 11 | AT71: 68 | AU71: 1374 | AV71: 891 | AW71: =SUM(E71:AV71) -> 13898
B72: Shadyside | D72: 10 | E72: 127 | F72: 260 | G72: 138 | H72: 41 | I72: 1201 | J72: 265 | K72: 843 | L72: 3807 | M72: 512 | N72: 1725 | O72: 259 | P72: 751 | Q72: 914 | R72: 288 | S72: 1986 | T72: 9 | U72: 265 | V72: 7 | W72: 204 | X72: 719 | Y72: 35 | Z72: 8 | AA72: 1 | AB72: 0 | AC72: 59 | AD72: 93 | AE72: 0 | AF72: 276 | AG72: 0 | AH72: 0 | AI72: 0 | AJ72: 0 | AK72: 0 | AL72: 0 | AM72: 0 | AN72: 0 | AO72: 0 | AP72: 0 | AQ72: 5 | AR72: 363 | AS72: 155 | AT72: 683 | AU72: 319 | AV72: 280 | AW72: =SUM(E72:AV72) -> 16598
B73: Waterfront (West Homestead Homestead Munhall(part)) | D73: 11 | E73: 48 | F73: 60 | G73: 24 | H73: 11 | I73: 92 | J73: 269 | K73: 278 | L73: 578 | M73: 279 | N73: 86 | O73: 2971 | P73: 239 | Q73: 63 | R73: 35 | S73: 110 | T73: 54 | U73: 67 | V73: 3 | W73: 191 | X73: 669 | Y73: 70 | Z73: 61 | AA73: 11 | AB73: 1 | AC73: 489 | AD73: 377 | AE73: 29 | AF73: 101 | AG73: 0 | AH73: 0 | AI73: 0 | AJ73: 0 | AK73: 0 | AL73: 0 | AM73: 0 | AN73: 0 | AO73: 0 | AP73: 0 | AQ73: 5 | AR73: 85 | AS73: 12 | AT73: 80 | AU73: 205 | AV73: 196 | AW73: =SUM(E73:AV73) -> 7849
B74: Downtown | D74: 12 | E74: 223 | F74: 385 | G74: 129 | H74: 71 | I74: 497 | J74: 60 | K74: 51 | L74: 509 | M74: 333 | N74: 53 | O74: 36 | P74: 1635 | Q74: 40 | R74: 219 | S74: 280 | T74: 4 | U74: 11 | V74: 0 | W74: 11 | X74: 61 | Y74: 0 | Z74: 0 | AA74: 0 | AB74: 0 | AC74: 12 | AD74: 73 | AE74: 1 | AF74: 688 | AG74: 0 | AH74: 0 | AI74: 0 | AJ74: 0 | AK74: 0 | AL74: 0 | AM74: 0 | AN74: 0 | AO74: 0 | AP74: 0 | AQ74: 0 | AR74: 374 | AS74: 5 | AT74: 37 | AU74: 477 | AV74: 529 | AW74: =SUM(E74:AV74) -> 6804
B75: East Liberty | D75: 13 | E75: 71 | F75: 128 | G75: 69 | H75: 20 | I75: 958 | J75: 80 | K75: 312 | L75: 1019 | M75: 139 | N75: 435 | O75: 99 | P75: 294 | Q75: 866 | R75: 140 | S75: 937 | T75: 4 | U75: 191 | V75: 10 | W75: 118 | X75: 377 | Y75: 19 | Z75: 1 | AA75: 0 | AB75: 0 | AC75: 30 | AD75: 22 | AE75: 0 | AF75: 107 | AG75: 0 | AH75: 0 | AI75: 0 | AJ75: 0 | AK75: 0 | AL75: 0 | AM75: 0 | AN75: 0 | AO75: 0 | AP75: 0 | AQ75: 1 | AR75: 114 | AS75: 169 | AT75: 489 | AU75: 140 | AV75: 125 | AW75: =SUM(E75:AV75) -> 7484
... B106: Allegheny County Southcentral | D106: 44 | E106: 992 | F106: 1103 | G106: 409 | H106: 348 | I106: 1242 | J106: 275 | K106: 207 | L106: 1858 | M106: 1503 | N106: 132 | O106: 436 | P106: 4115 | Q106: 98 | R106: 548 | S106: 658 | T106: 58 | U106: 26 | V106: 0 | W106: 2 | X106: 187 | Y106: 2 | Z106: 30 | AA106: 17 | AB106: 5 | AC106: 174 | AD106: 7247 | AE106: 2178 | AF106: 32053 | AG106: 0 | AH106: 0 | AI106: 0 | AJ106: 0 | AK106: 0 | AL106: 0 | AM106: 0 | AN106: 0 | AO106: 0 | AP106: 10987 | AQ106: 0 | AR106: 918 | AS106: 19 | AT106: 85 | AU106: 8018 | AV106: 104646 | AW106: =SUM(E106:AV106) -> 180576
D107: Total | E107: =SUM(E63:E106) -> 14363 | F107: =SUM(F63:F106) -> 16991 | G107: =SUM(G63:G106) -> 10116 | H107: =SUM(H63:H106) -> 45844 | I107: =SUM(I63:I106) -> 377884 | J107: =SUM(J63:J106) -> 12602 | K107: =SUM(K63:K106) -> 17108 | L107: =SUM(L63:L106) -> 63602 | ... AV107: =SUM(AV63:AV106) -> 176276 | AW107: =SUM(E107:AV107) -> 3437934
D116: - - - - - Table 5c - Change - 2020 To 2045 - Home-Based Other (HBO) Vehicle Trips - - - - -
B117: District Names | E117: Destination District
E118: 1 | F118: 2 | G118: 3 | H118: 4 | I118: 5 | J118: 6 | K118: 7 | L118: 8 | M118: 9 | N118: 10 | O118: 11 | P118: 12 | Q118: 13 | R118: 14 | S118: 15 | T118: 16 | U118: 17 | V118: 18 | W118: 19 | X118: 20 | Y118: 21 | Z118: 22 | AA118: 23 | AB118: 24 | AC118: 25 | AD118: 26 | AE118: 27 | AF118: 28 | AG118: 29 | AH118: 30 | AI118: 31 | AJ118: 32 | AK118: 33 | AL118: 34 | AM118: 35 | AN118: 36 | AO118: 37 | AP118: 38 | AQ118: 39 | AR118: 40 | AS118: 41 | AT118: 42 | AU118: 43 | AV118: 44 | AW118: Total
B119: Pittsburgh Chateau Area | C119: Origin District | D119: 1 | E119: =E63-E7 -> 253 | F119: =F63-F7 -> 102 | G119: =G63-G7 -> 88 | H119: =H63-H7 -> 47 | I119: =I63-I7 -> 49 | J119: =J63-J7 -> 29 | K119: =K63-K7 -> 10 | L119: =L63-L7 -> 83 | ... AV119: =AV63-AV7 -> 110 | AW119: =SUM(E119:AV119) -> 1646
B120: Pittsburgh Lower North Side | D120: 2 | E120: =E64-E8 -> 37 | F120: =F64-F8 -> 67 | G120: =G64-G8 -> 48 | H120: =H64-H8 -> -4 | I120: =I64-I8 -> 25 | J120: =J64-J8 -> 27 | K120: =K64-K8 -> 2 | L120: =L64-L8 -> 25 | ... AV120: =AV64-AV8 -> 57 | AW120: =SUM(E120:AV120) -> 888
B121: Pittsburgh Upper North Side | D121: 3 | E121: =E65-E9 -> 155 | F121: =F65-F9 -> 80 | G121: =G65-G9 -> 294 | H121: =H65-H9 -> 36 | I121: =I65-I9 -> 28 | J121: =J65-J9 -> 70 | K121: =K65-K9 -> 11 | L121: =L65-L9 -> 71 | ... AV121: =AV65-AV9 -> 130 | AW121: =SUM(E121:AV121) -> 2209
B122: Allegheny County Northwest | D122: 4 | E122: =E66-E10 -> 179 | F122: =F66-F10 -> 61 | G122: =G66-G10 -> 96 | H122: =H66-H10 -> 2649 | I122: =I66-I10 -> -526 | J122: =J66-J10 -> 28 | K122: =K66-K10 -> 8 | L122: =L66-L10 -> 86 | ... AV122: =AV66-AV10 -> 86 | AW122: =SUM(E122:AV122) -> 4307
B123: Allegheny County North (remainder) | D123: 5 | E123: =E67-E11 -> 183 | F123: =F67-F11 -> 223 | G123: =G67-G11 -> 433 | H123: =H67-H11 -> 1147 | I123: =I67-I11 -> 45707 | J123: =J67-J11 -> 145 | K123: =K67-K11 -> 78 | L123: =L67-L11 -> 387 | ... AV123: =AV67-AV11 -> 242 | AW123: =SUM(E123:AV123) -> 54222
B124: Hazelwood | D124: 6 | E124: =E68-E12 -> 31 | F124: =F68-F12 -> 46 | G124: =G68-G12 -> 22 | H124: =H68-H12 -> 11 | I124: =I68-I12 -> 86 | J124: =J68-J12 -> 2014 | K124: =K68-K12 -> 205 | L124: =L68-L12 -> 950 | ... AV124: =AV68-AV12 -> 112 | AW124: =SUM(E124:AV124) -> 5932
B125: Squirrel Hill | D125: 7 | E125: =E69-E13 -> 8 | F125: =F69-F13 -> 9 | G125: =G69-G13 -> 17 | H125: =H69-H13 -> 10 | I125: =I69-I13 -> 75 | J125: =J69-J13 -> 911 | K125: =K69-K13 -> 817 | L125: =L69-L13 -> 640 | ... AV125: =AV69-AV13 -> 46 | AW125: =SUM(E125:AV125) -> 5199
B126: Oakland | D126: 8 | E126: =E70-E14 -> -11 | F126: =F70-F14 -> -22 | G126: =G70-G14 -> 2 | H126: =H70-H14 -> -4 | I126: =I70-I14 -> -32 | J126: =J70-J14 -> 320 | K126: =K70-K14 -> 45 | L126: =L70-L14 -> 139 | ... AV126: =AV70-AV14 -> -10 | AW126: =SUM(E126:AV126) -> 1072
B127: South Side | D127: 9 | E127: =E71-E15 -> 0 | F127: =F71-F15 -> -4 | G127: =G71-G15 -> 7 | H127: =H71-H15 -> -3 | I127: =I71-I15 -> -43 | J127: =J71-J15 -> 250 | K127: =K71-K15 -> 27 | L127: =L71-L15 -> 176 | ... AV127: =AV71-AV15 -> 8 | AW127: =SUM(E127:AV127) -> 1505
B128: Shadyside | D128: 10 | E128: =E72-E16 -> 6 | F128: =F72-F16 -> -2 | G128: =G72-G16 -> 17 | H128: =H72-H16 -> 0 | I128: =I72-I16 -> 31 | J128: =J72-J16 -> 170 | K128: =K72-K16 -> 107 | L128: =L72-L16 -> 353 | ... AV128: =AV72-AV16 -> -6 | AW128: =SUM(E128:AV128) -> 1650
B129: Waterfront (West Homestead Homestead Munhall(part)) | D129: 11 | E129: =E73-E17 -> 0 | F129: =F73-F17 -> -10 | G129: =G73-G17 -> -2 | H129: =H73-H17 -> -1 | I129: =I73-I17 -> -6 | J129: =J73-J17 -> 149 | K129: =K73-K17 -> 9 | L129: =L73-L17 -> -38 | ... AV129: =AV73-AV17 -> -12 | AW129: =SUM(E129:AV129) -> 226
B130: Downtown | D130: 12 | E130: =E74-E18 -> 83 | F130: =F74-F18 -> 122 | G130: =G74-G18 -> 47 | H130: =H74-H18 -> 13 | I130: =I74-I18 -> 180 | J130: =J74-J18 -> 46 | K130: =K74-K18 -> 18 | L130: =L74-L18 -> 194 | ... AV130: =AV74-AV18 -> 189 | AW130: =SUM(E130:AV130) -> 2507
B131: East Liberty | D131: 13 | E131: =E75-E19 -> 4 | F131: =F75-F19 -> -2 | G131: =G75-G19 -> 9 | H131: =H75-H19 -> 2 | I131: =I75-I19 -> -7 | J131: =J75-J19 -> 48 | K131: =K75-K19 -> 34 | L131: =L75-L19 -> 74 | ... AV131: =AV75-AV19 -> 0 | AW131: =SUM(E131:AV131) -> 605
... B162: Allegheny County Southcentral | D162: 44 | E162: =E106-E50 -> 13 | F162: =F106-F50 -> -50 | G162: =G106-G50 -> 35 | H162: =H106-H50 -> -23 | I162: =I106-I50 -> -81 | J162: =J106-J50 -> 160 | K162: =K106-K50 -> 11 | L162: =L106-L50 -> -25 | ... AV162: =AV106-AV50 -> 11169 | AW162: =SUM(E162:AV162) -> 14420
D163: Total | E163: =SUM(E119:E162) -> 1256 | F163: =SUM(F119:F162) -> 640 | G163: =SUM(G119:G162) -> 1406 | H163: =SUM(H119:H162) -> 5149 | I163: =SUM(I119:I162) -> 50094 | J163: =SUM(J119:J162) -> 8001 | K163: =SUM(K119:K162) -> 2078 | L163: =SUM(L119:L162) -> 4243 | ... AV163: =SUM(AV119:AV162) -> 18675 | AW163: =SUM(E163:AV163) -> 355617
D172: - - - - - Table 5d - Percent Change - 2020 To 2045 - Home-Based Other (HBO) Vehicle Trips - - - - -
B173: District Names | E173: Destination District
E174: 1 | F174: 2 | G174: 3 | H174: 4 | I174: 5 | J174: 6 | K174: 7 | L174: 8 | M174: 9 | N174: 10 | O174: 11 | P174: 12 | Q174: 13 | R174: 14 | S174: 15 | T174: 16 | U174: 17 | V174: 18 | W174: 19 | X174: 20 | Y174: 21 | Z174: 22 | AA174: 23 | AB174: 24 | AC174: 25 | AD174: 26 | AE174: 27 | AF174: 28 | AG174: 29 | AH174: 30 | AI174: 31 | AJ174: 32 | AK174: 33 | AL174: 34 | AM174: 35 | AN174: 36 | AO174: 37 | AP174: 38 | AQ174: 39 | AR174: 40 | AS174: 41 | AT174: 42 | AU174: 43 | AV174: 44 | AW174: Total
B175: Pittsburgh Chateau Area | C175: Origin District | D175: 1 | E175: =IF((E7=0),("N/A"),(E119/E7)) -> 0.21605465 | F175: =IF((F7=0),("N/A"),(F119/F7)) -> 0.14345992 | G175: =IF((G7=0),("N/A"),(G119/G7)) -> 0.2244898 | H175: =IF((H7=0),("N/A"),(H119/H7)) -> 0.073667712 | I175: =IF((I7=0),("N/A"),(I119/I7)) -> 0.051851852 | J175: =IF((J7=0),("N/A"),(J119/J7)) -> 2.6363636 | K175: =IF((K7=0),("N/A"),(K119/K7)) -> 0.28571429 | L175: =IF((L7=0),("N/A"),(L119/L7)) -> 0.25617284 | ... AW175: =IF((AW7=0),("N/A"),(AW119/AW7)) -> 0.18698171
B176: Pittsburgh Lower North Side | D176: 2 | E176: =IF((E8=0),("N/A"),(E120/E8)) -> 0.064347826 | F176: =IF((F8=0),("N/A"),(F120/F8)) -> 0.056302521 | G176: =IF((G8=0),("N/A"),(G120/G8)) -> 0.15335463 | H176: =IF((H8=0),("N/A"),(H120/H8)) -> -0.021978022 | I176: =IF((I8=0),("N/A"),(I120/I8)) -> 0.027173913 | J176: =IF((J8=0),("N/A"),(J120/J8)) -> 2.0769231 | K176: =IF((K8=0),("N/A"),(K120/K8)) -> 0.054054054 | L176: =IF((L8=0),("N/A"),(L120/L8)) -> 0.073099415 | ... AW176: =IF((AW8=0),("N/A"),(AW120/AW8)) -> 0.11728966
B177: Pittsburgh Upper North Side | D177: 3 | E177: =IF((E9=0),("N/A"),(E121/E9)) -> 0.096273292 | F177: =IF((F9=0),("N/A"),(F121/F9)) -> 0.041906757 | G177: =IF((G9=0),("N/A"),(G121/G9)) -> 0.16761688 | H177: =IF((H9=0),("N/A"),(H121/H9)) -> 0.024128686 | I177: =IF((I9=0),("N/A"),(I121/I9)) -> 0.0052730697 | J177: =IF((J9=0),("N/A"),(J121/J9)) -> 1.9444444 | K177: =IF((K9=0),("N/A"),(K121/K9)) -> 0.125 | L177: =IF((L9=0),("N/A"),(L121/L9)) -> 0.073195876 | ... AW177: =IF((AW9=0),("N/A"),(AW121/AW9)) -> 0.088480333
B178: Allegheny County Northwest | D178: 4 | E178: =IF((E10=0),("N/A"),(E122/E10)) -> 0.18704284 | F178: =IF((F10=0),("N/A"),(F122/F10)) -> 0.11401869 | G178: =IF((G10=0),("N/A"),(G122/G10)) -> 0.19631902 | H178: =IF((H10=0),("N/A"),(H122/H10)) -> 0.1298084 | I178: =IF((I10=0),("N/A"),(I122/I10)) -> -0.08613067 | J178: =IF((J10=0),("N/A"),(J122/J10)) -> 2.1538462 | K178: =IF((K10=0),("N/A"),(K122/K10)) -> 0.21052632 | L178: =IF((L10=0),("N/A"),(L122/L10)) -> 0.22337662 | ... AW178: =IF((AW10=0),("N/A"),(AW122/AW10)) -> 0.093994151
B179: Allegheny County North (remainder) | D179: 5 | E179: =IF((E11=0),("N/A"),(E123/E11)) -> 0.109319 | F179: =IF((F11=0),("N/A"),(F123/F11)) -> 0.08418271 | G179: =IF((G11=0),("N/A"),(G123/G11)) -> 0.21351085 | H179: =IF((H11=0),("N/A"),(H123/H11)) -> 0.18936767 | I179: =IF((I11=0),("N/A"),(I123/I11)) -> 0.18659117 | J179: =IF((J11=0),("N/A"),(J123/J11)) -> 1.9863014 | K179: =IF((K11=0),("N/A"),(K123/K11)) -> 0.20634921 | L179: =IF((L11=0),("N/A"),(L123/L11)) -> 0.1125982 | ... AW179: =IF((AW11=0),("N/A"),(AW123/AW11)) -> 0.17940582
B180: Hazelwood | D180: 6 | E180: =IF((E12=0),("N/A"),(E124/E12)) -> 0.31632653 | F180: =IF((F12=0),("N/A"),(F124/F12)) -> 0.35114504 | G180: =IF((G12=0),("N/A"),(G124/G12)) -> 0.42307692 | H180: =IF((H12=0),("N/A"),(H124/H12)) -> 0.36666667 | I180: =IF((I12=0),("N/A"),(I124/I12)) -> 0.30714286 | J180: =IF((J12=0),("N/A"),(J124/J12)) -> 3.0607903 | K180: =IF((K12=0),("N/A"),(K124/K12)) -> 0.42797495 | L180: =IF((L12=0),("N/A"),(L124/L12)) -> 0.50666667 | ... AW180: =IF((AW12=0),("N/A"),(AW124/AW12)) -> 0.6556145
B181: Squirrel Hill | D181: 7 | E181: =IF((E13=0),("N/A"),(E125/E13)) -> 0.023738872 | F181: =IF((F13=0),("N/A"),(F125/F13)) -> 0.020833333 | G181: =IF((G13=0),("N/A"),(G125/G13)) -> 0.10493827 | H181: =IF((H13=0),("N/A"),(H125/H13)) -> 0.092592593 | I181: =IF((I13=0),("N/A"),(I125/I13)) -> 0.047619048 | J181: =IF((J13=0),("N/A"),(J125/J13)) -> 1.5057851 | K181: =IF((K13=0),("N/A"),(K125/K13)) -> 0.19030981 | L181: =IF((L13=0),("N/A"),(L125/L13)) -> 0.091480846 | ... AW181: =IF((AW13=0),("N/A"),(AW125/AW13)) -> 0.14965888
B182: Oakland | D182: 8 | E182: =IF((E14=0),("N/A"),(E126/E14)) -> -0.053398058 | F182: =IF((F14=0),("N/A"),(F126/F14)) -> -0.076655052 | G182: =IF((G14=0),("N/A"),(G126/G14)) -> 0.016666667 | H182: =IF((H14=0),("N/A"),(H126/H14)) -> -0.052631579 | I182: =IF((I14=0),("N/A"),(I126/I14)) -> -0.04719764 | J182: =IF((J14=0),("N/A"),(J126/J14)) -> 1.871345 | K182: =IF((K14=0),("N/A"),(K126/K14)) -> 0.093167702 | L182: =IF((L14=0),("N/A"),(L126/L14)) -> 0.023039947 | ... AW182: =IF((AW14=0),("N/A"),(AW126/AW14)) -> 0.067307089
B183: South Side | D183: 9 | E183: =IF((E15=0),("N/A"),(E127/E15)) -> 0 | F183: =IF((F15=0),("N/A"),(F127/F15)) -> -0.0125 | G183: =IF((G15=0),("N/A"),(G127/G15)) -> 0.058823529 | H183: =IF((H15=0),("N/A"),(H127/H15)) -> -0.037037037 | I183: =IF((I15=0),("N/A"),(I127/I15)) -> -0.075971731 | J183: =IF((J15=0),("N/A"),(J127/J15)) -> 1.9379845 | K183: =IF((K15=0),("N/A"),(K127/K15)) -> 0.1377551 | L183: =IF((L15=0),("N/A"),(L127/L15)) -> 0.099322799 | ... AW183: =IF((AW15=0),("N/A"),(AW127/AW15)) -> 0.12143952
B184: Shadyside | D184: 10 | E184: =IF((E16=0),("N/A"),(E128/E16)) -> 0.049586777 | F184: =IF((F16=0),("N/A"),(F128/F16)) -> -0.0076335878 | G184: =IF((G16=0),("N/A"),(G128/G16)) -> 0.14049587 | H184: =IF((H16=0),("N/A"),(H128/H16)) -> 0 | I184: =IF((I16=0),("N/A"),(I128/I16)) -> 0.026495726 | J184: =IF((J16=0),("N/A"),(J128/J16)) -> 1.7894737 | K184: =IF((K16=0),("N/A"),(K128/K16)) -> 0.14538043 | L184: =IF((L16=0),("N/A"),(L128/L16)) -> 0.10220035 | ... AW184: =IF((AW16=0),("N/A"),(AW128/AW16)) -> 0.11038266
B185: Waterfront (West Homestead Homestead Munhall(part)) | D185: 11 | E185: =IF((E17=0),("N/A"),(E129/E17)) -> 0 | F185: =IF((F17=0),("N/A"),(F129/F17)) -> -0.14285714 | G185: =IF((G17=0),("N/A"),(G129/G17)) -> -0.076923077 | H185: =IF((H17=0),("N/A"),(H129/H17)) -> -0.083333333 | I185: =IF((I17=0),("N/A"),(I129/I17)) -> -0.06122449 | J185: =IF((J17=0),("N/A"),(J129/J17)) -> 1.2416667 | K185: =IF((K17=0),("N/A"),(K129/K17)) -> 0.033457249 | L185: =IF((L17=0),("N/A"),(L129/L17)) -> -0.061688312 | ... AW185: =IF((AW17=0),("N/A"),(AW129/AW17)) -> 0.029647121
B186: Downtown | D186: 12 | E186: =IF((E18=0),("N/A"),(E130/E18)) -> 0.59285714 | F186: =IF((F18=0),("N/A"),(F130/F18)) -> 0.46387833 | G186: =IF((G18=0),("N/A"),(G130/G18)) -> 0.57317073 | H186: =IF((H18=0),("N/A"),(H130/H18)) -> 0.22413793 | I186: =IF((I18=0),("N/A"),(I130/I18)) -> 0.56782334 | J186: =IF((J18=0),("N/A"),(J130/J18)) -> 3.2857143 | K186: =IF((K18=0),("N/A"),(K130/K18)) -> 0.54545455 | L186: =IF((L18=0),("N/A"),(L130/L18)) -> 0.61587302 | ... AW186: =IF((AW18=0),("N/A"),(AW130/AW18)) -> 0.5834303
B187: East Liberty | D187: 13 | E187: =IF((E19=0),("N/A"),(E131/E19)) -> 0.059701493 | F187: =IF((F19=0),("N/A"),(F131/F19)) -> -0.015384615 | G187: =IF((G19=0),("N/A"),(G131/G19)) -> 0.15 | H187: =IF((H19=0),("N/A"),(H131/H19)) -> 0.11111111 | I187: =IF((I19=0),("N/A"),(I131/I19)) -> -0.007253886 | J187: =IF((J19=0),("N/A"),(J131/J19)) -> 1.5 | K187: =IF((K19=0),("N/A"),(K131/K19)) -> 0.12230216 | L187: =IF((L19=0),("N/A"),(L131/L19)) -> 0.078306878 | ... AW187: =IF((AW19=0),("N/A"),(AW131/AW19)) -> 0.08794883
... B218: Allegheny County Southcentral | D218: 44 | E218: =IF((E50=0),("N/A"),(E162/E50)) -> 0.013278856 | F218: =IF((F50=0),("N/A"),(F162/F50)) -> -0.043365134 | G218: =IF((G50=0),("N/A"),(G162/G50)) -> 0.093582888 | H218: =IF((H50=0),("N/A"),(H162/H50)) -> -0.061994609 | I218: =IF((I50=0),("N/A"),(I162/I50)) -> -0.06122449 | J218: =IF((J50=0),("N/A"),(J162/J50)) -> 1.3913043 | K218: =IF((K50=0),("N/A"),(K162/K50)) -> 0.056122449 | L218: =IF((L50=0),("N/A"),(L162/L50)) -> -0.013276686 | ... AW218: =IF((AW50=0),("N/A"),(AW162/AW50)) -> 0.086785912
D219: Total | E219: =IF((E51=0),("N/A"),(E163/E51)) -> 0.095826658 | F219: =IF((F51=0),("N/A"),(F163/F51)) -> 0.039141337 | G219: =IF((G51=0),("N/A"),(G163/G51)) -> 0.16142365 | H219: =IF((H51=0),("N/A"),(H163/H51)) -> 0.1265266 | I219: =IF((I51=0),("N/A"),(I163/I51)) -> 0.15282345 | J219: =IF((J51=0),("N/A"),(J163/J51)) -> 1.7389698 | K219: =IF((K51=0),("N/A"),(K163/K51)) -> 0.13825682 | L219: =IF((L51=0),("N/A"),(L163/L51)) -> 0.071480315 | ... AW219: =IF((AW51=0),("N/A"),(AW163/AW51)) -> 0.11537327

Sheet T6_NHB_HwyVeh
D4: - - - - - Table 6a - 2020 Non Home-Based (NHB) Vehicle Trips - - - - -
B5: District Names | E5: Destination District
E6: 1 | F6: 2 | G6: 3 | H6: 4 | I6: 5 | J6: 6 | K6: 7 | L6: 8 | M6: 9 | N6: 10 | O6: 11 | P6: 12 | Q6: 13 | R6: 14 | S6: 15 | T6: 16 | U6: 17 | V6: 18 | W6: 19 | X6: 20 | Y6: 21 | Z6: 22 | AA6: 23 | AB6: 24 | AC6: 25 | AD6: 26 | AE6: 27 | AF6: 28 | AG6: 29 | AH6: 30 | AI6: 31 | AJ6: 32 | AK6: 33 | AL6: 34 | AM6: 35 | AN6: 36 | AO6: 37 | AP6: 38 | AQ6: 39 | AR6: 40 | AS6: 41 | AT6: 42 | AU6: 43 | AV6: 44 | AW6: Total
B7: Pittsburgh Chateau Area | C7: Origin District | D7: 1 | E7: 639 | F7: 424 | G7: 220 | H7: 231 | I7: 502 | J7: 19 | K7: 62 | L7: 278 | M7: 176 | N7: 47 | O7: 45 | P7: 647 | Q7: 39 | R7: 79 | S7: 180 | T7: 5 | U7: 27 | V7: 5 | W7: 28 | X7: 67 | Y7: 9 | Z7: 11 | AA7: 2 | AB7: 2 | AC7: 18 | AD7: 78 | AE7: 10 | AF7: 505 | AG7: 0 | AH7: 0 | AI7: 8 | AJ7: 6 | AK7: 9 | AL7: 0 | AM7: 0 | AN7: 0 | AO7: 0 | AP7: 24 | AQ7: 13 | AR7: 88 | AS7: 10 | AT7: 40 | AU7: 532 | AV7: 365 | AW7: =SUM(E7:AV7) -> 5450
B8: Pittsburgh Lower North Side | D8: 2 | E8: 424 | F8: 736 | G8: 275 | H8: 165 | I8: 769 | J8: 27 | K8: 79 | L8: 364 | M8: 244 | N8: 83 | O8: 57 | P8: 1076 | Q8: 70 | R8: 153 | S8: 338 | T8: 3 | U8: 37 | V8: 3 | W8: 35 | X8: 81 | Y8: 12 | Z8: 15 | AA8: 3 | AB8: 2 | AC8: 23 | AD8: 108 | AE8: 11 | AF8: 450 | AG8: 0 | AH8: 0 | AI8: 4 | AJ8: 4 | AK8: 14 | AL8: 0 | AM8: 0 | AN8: 0 | AO8: 0 | AP8: 32 | AQ8: 19 | AR8: 140 | AS8: 21 | AT8: 73 | AU8: 567 | AV8: 432 | AW8: =SUM(E8:AV8) -> 6949
B9: Pittsburgh Upper North Side | D9: 3 | E9: 226 | F9: 271 | G9: 292 | H9: 171 | I9: 719 | J9: 10 | K9: 39 | L9: 208 | M9: 115 | N9: 56 | O9: 28 | P9: 529 | Q9: 43 | R9: 87 | S9: 203 | T9: 3 | U9: 26 | V9: 2 | W9: 21 | X9: 43 | Y9: 4 | Z9: 9 | AA9: 2 | AB9: 0 | AC9: 11 | AD9: 57 | AE9: 7 | AF9: 323 | AG9: 0 | AH9: 0 | AI9: 7 | AJ9: 3 | AK9: 15 | AL9: 0 | AM9: 0 | AN9: 0 | AO9: 0 | AP9: 14 | AQ9: 9 | AR9: 70 | AS9: 13 | AT9: 46 | AU9: 299 | AV9: 212 | AW9: =SUM(E9:AV9) -> 4193
B10: Allegheny County Northwest | D10: 4 | E10: 278 | F10: 161 | G10: 205 | H10: 5744 | I10: 1669 | J10: 14 | K10: 33 | L10: 185 | M10: 101 | N10: 28 | O10: 30 | P10: 368 | Q10: 22 | R10: 39 | S10: 99 | T10: 3 | U10: 18 | V10: 1 | W10: 20 | X10: 43 | Y10: 5 | Z10: 4 | AA10: 2 | AB10: 0 | AC10: 11 | AD10: 56 | AE10: 6 | AF10: 2209 | AG10: 0 | AH10: 0 | AI10: 322 | AJ10: 642 | AK10: 110 | AL10: 0 | AM10: 0 | AN10: 0 | AO10: 0 | AP10: 39 | AQ10: 4 | AR10: 44 | AS10: 6 | AT10: 25 | AU10: 362 | AV10: 262 | AW10: =SUM(E10:AV10) -> 13170
B11: Allegheny County North (remainder) | D11: 5 | E11: 600 | F11: 895 | G11: 846 | H11: 1685 | I11: 74493 | J11: 77 | K11: 351 | L11: 1436 | M11: 556 | N11: 488 | O11: 173 | P11: 2119 | Q11: 572 | R11: 342 | S11: 1620 | T11: 14 | U11: 1452 | V11: 285 | W11: 595 | X11: 514 | Y11: 69 | Z11: 60 | AA11: 13 | AB11: 1 | AC11: 85 | AD11: 319 | AE11: 29 | AF11: 1656 | AG11: 97 | AH11: 126 | AI11: 143 | AJ11: 543 | AK11: 2641 | AL11: 0 | AM11: 0 | AN11: 2 | AO11: 6 | AP11: 44 | AQ11: 2418 | AR11: 299 | AS11: 252 | AT11: 1489 | AU11: 1186 | AV11: 966 | AW11: =SUM(E11:AV11) -> 101557
B12: Hazelwood | D12: 6 | E12: 20 | F12: 27 | G12: 11 | H12: 13 | I12: 66 | J12: 132 | K12: 132 | L12: 295 | M12: 175 | N12: 52 | O12: 126 | P12: 145 | Q12: 30 | R12: 15 | S12: 73 | T12: 18 | U12: 28 | V12: 5 | W12: 36 | X12: 94 | Y12: 10 | Z12: 23 | AA12: 10 | AB12: 2 | AC12: 52 | AD12: 130 | AE12: 16 | AF12: 42 | AG12: 0 | AH12: 0 | AI12: 0 | AJ12: 0 | AK12: 0 | AL12: 0 | AM12: 0 | AN12: 0 | AO12: 0 | AP12: 6 | AQ12: 13 | AR12: 34 | AS12: 7 | AT12: 35 | AU12: 107 | AV12: 71 | AW12: =SUM(E12:AV12) -> 2051
B13: Squirrel Hill | D13: 7 | E13: 55 | F13: 74 | G13: 37 | H13: 32 | I13: 333 | J13: 133 | K13: 1136 | L13: 1094 | M13: 371 | N13: 450 | O13: 346 | P13: 401 | Q13: 285 | R13: 54 | S13: 424 | T13: 28 | U13: 171 | V13: 18 | W13: 145 | X13: 563 | Y13: 44 | Z13: 45 | AA13: 12 | AB13: 8 | AC13: 120 | AD13: 153 | AE13: 14 | AF13: 139 | AG13: 0 | AH13: 1 | AI13: 0 | AJ13: 0 | AK13: 2 | AL13: 0 | AM13: 0 | AN13: 0 | AO13: 0 | AP13: 14 | AQ13: 51 | AR13: 86 | AS13: 61 | AT13: 344 | AU13: 244 | AV13: 173 | AW13: =SUM(E13:AV13) -> 7661
B14: Oakland | D14: 8 | E14: 287 | F14: 387 | G14: 230 | H14: 164 | I14: 1324 | J14: 299 | K14: 1076 | L14: 6979 | M14: 1574 | N14: 921 | O14: 465 | P14: 1639 | Q14: 461 | R14: 261 | S14: 1767 | T14: 55 | U14: 296 | V14: 41 | W14: 256 | X14: 728 | Y14: 71 | Z14: 82 | AA14: 33 | AB14: 21 | AC14: 181 | AD14: 520 | AE14: 63 | AF14: 678 | AG14: 0 | AH14: 0 | AI14: 1 | AJ14: 3 | AK14: 8 | AL14: 0 | AM14: 0 | AN14: 0 | AO14: 0 | AP14: 55 | AQ14: 101 | AR14: 522 | AS14: 86 | AT14: 456 | AU14: 1170 | AV14: 799 | AW14: =SUM(E14:AV14) -> 24060
B15: South Side | D15: 9 | E15: 164 | F15: 218 | G15: 110 | H15: 78 | I15: 513 | J15: 149 | K15: 307 | L15: 1320 | M15: 1916 | N15: 187 | O15: 225 | P15: 1247 | Q15: 93 | R15: 123 | S15: 353 | T15: 32 | U15: 84 | V15: 13 | W15: 102 | X15: 265 | Y15: 25 | Z15: 40 | AA15: 18 | AB15: 10 | AC15: 95 | AD15: 382 | AE15: 37 | AF15: 378 | AG15: 0 | AH15: 0 | AI15: 1 | AJ15: 4 | AK15: 7 | AL15: 0 | AM15: 0 | AN15: 0 | AO15: 0 | AP15: 43 | AQ15: 33 | AR15: 311 | AS15: 20 | AT15: 111 | AU15: 1096 | AV15: 581 | AW15: =SUM(E15:AV15) -> 10691
B16: Shadyside | D16: 10 | E16: 42 | F16: 88 | G16: 56 | H16: 27 | I16: 438 | J16: 50 | K16: 433 | L16: 988 | M16: 189 | N16: 839 | O16: 127 | P16: 293 | Q16: 385 | R16: 69 | S16: 749 | T16: 9 | U16: 159 | V16: 14 | W16: 104 | X16: 326 | Y16: 31 | Z16: 19 | AA16: 4 | AB16: 4 | AC16: 48 | AD16: 73 | AE16: 11 | AF16: 94 | AG16: 0 | AH16: 0 | AI16: 0 | AJ16: 0 | AK16: 2 | AL16: 0 | AM16: 0 | AN16: 0 | AO16: 0 | AP16: 7 | AQ16: 41 | AR16: 76 | AS16: 85 | AT16: 320 | AU16: 176 | AV16: 118 | AW16: =SUM(E16:AV16) -> 6494
B17: Waterfront (West Homestead Homestead Munhall(part)) | D17: 11 | E17: 44 | F17: 55 | G17: 30 | H17: 27 | I17: 171 | J17: 141 | K17: 367 | L17: 517 | M17: 293 | N17: 137 | O17: 2406 | P17: 282 | Q17: 90 | R17: 29 | S17: 143 | T17: 89 | U17: 103 | V17: 15 | W17: 172 | X17: 580 | Y17: 109 | Z17: 155 | AA17: 39 | AB17: 16 | AC17: 601 | AD17: 539 | AE17: 62 | AF17: 118 | AG17: 0 | AH17: 0 | AI17: 0 | AJ17: 0 | AK17: 0 | AL17: 0 | AM17: 0 | AN17: 0 | AO17: 0 | AP17: 26 | AQ17: 73 | AR17: 59 | AS17: 22 | AT17: 114 | AU17: 312 | AV17: 231 | AW17: =SUM(E17:AV17) -> 8167
B18: Downtown | D18: 12 | E18: 642 | F18: 1055 | G18: 506 | H18: 315 | I18: 1803 | J18: 143 | K18: 376 | L18: 1245 | M18: 1392 | N18: 285 | O18: 258 | P18: 5517 | Q18: 179 | R18: 540 | S18: 1083 | T18: 28 | U18: 141 | V18: 26 | W18: 160 | X18: 366 | Y18: 37 | Z18: 60 | AA18: 20 | AB18: 8 | AC18: 104 | AD18: 539 | AE18: 60 | AF18: 1237 | AG18: 0 | AH18: 0 | AI18: 6 | AJ18: 13 | AK18: 28 | AL18: 0 | AM18: 0 | AN18: 0 | AO18: 0 | AP18: 123 | AQ18: 66 | AR18: 720 | AS18: 33 | AT18: 183 | AU18: 2141 | AV18: 1550 | AW18: =SUM(E18:AV18) -> 22988
B19: East Liberty | D19: 13 | E19: 39 | F19: 70 | G19: 43 | H19: 21 | I19: 507 | J19: 30 | K19: 271 | L19: 470 | M19: 102 | N19: 384 | O19: 83 | P19: 187 | Q19: 581 | R19: 53 | S19: 570 | T19: 6 | U19: 190 | V19: 15 | W19: 93 | X19: 286 | Y19: 31 | Z19: 17 | AA19: 3 | AB19: 2 | AC19: 40 | AD19: 47 | AE19: 6 | AF19: 75 | AG19: 0 | AH19: 0 | AI19: 0 | AJ19: 0 | AK19: 3 | AL19: 0 | AM19: 0 | AN19: 0 | AO19: 0 | AP19: 5 | AQ19: 42 | AR19: 42 | AS19: 128 | AT19: 380 | AU19: 127 | AV19: 92 | AW19: =SUM(E19:AV19) -> 5041
... B50: Allegheny County Southcentral | D50: 44 | E50: 386 | F50: 468 | G50: 231 | H50: 245 | I50: 949 | J50: 75 | K50: 193 | L50: 930 | M50: 735 | N50: 153 | O50: 253 | P50: 1753 | Q50: 102 | R50: 197 | S50: 432 | T50: 48 | U50: 88 | V50: 11 | W50: 115 | X50: 242 | Y50: 43 | Z50: 102 | AA50: 44 | AB50: 35 | AC50: 154 | AD50: 2699 | AE50: 898 | AF50: 5345 | AG50: 0 | AH50: 0 | AI50: 27 | AJ50: 15 | AK50: 5 | AL50: 1 | AM50: 0 | AN50: 0 | AO50: 0 | AP50: 2408 | AQ50: 42 | AR50: 282 | AS50: 28 | AT50: 113 | AU50: 3813 | AV50: 25204 | AW50: =SUM(E50:AV50) -> 48864
D51: Total | E51: =SUM(E7:E50) -> 5642 | F51: =SUM(F7:F50) -> 7152 | G51: =SUM(G7:G50) -> 4400 | H51: =SUM(H7:H50) -> 12887 | I51: =SUM(I7:I50) -> 100367 | J51: =SUM(J7:J50) -> 2097 | K51: =SUM(K7:K50) -> 7815 | L51: =SUM(L7:L50) -> 24243 | ... AV51: =SUM(AV7:AV50) -> 47709 | AW51: =SUM(E51:AV51) -> 973308
D60: - - - - - Table 6b - 2045 Non Home-Based (NHB) Vehicle Trips - - - - -
B61: District Names | E61: Destination District
E62: 1 | F62: 2 | G62: 3 | H62: 4 | I62: 5 | J62: 6 | K62: 7 | L62: 8 | M62: 9 | N62: 10 | O62: 11 | P62: 12 | Q62: 13 | R62: 14 | S62: 15 | T62: 16 | U62: 17 | V62: 18 | W62: 19 | X62: 20 | Y62: 21 | Z62: 22 | AA62: 23 | AB62: 24 | AC62: 25 | AD62: 26 | AE62: 27 | AF62: 28 | AG62: 29 | AH62: 30 | AI62: 31 | AJ62: 32 | AK62: 33 | AL62: 34 | AM62: 35 | AN62: 36 | AO62: 37 | AP62: 38 | AQ62: 39 | AR62: 40 | AS62: 41 | AT62: 42 | AU62: 43 | AV62: 44 | AW62: Total
B63: Pittsburgh Chateau Area | C63: Origin District | D63: 1 | E63: 702 | F63: 424 | G63: 245 | H63: 246 | I63: 537 | J63: 43 | K63: 65 | L63: 282 | M63: 189 | N63: 44 | O63: 43 | P63: 750 | Q63: 42 | R63: 114 | S63: 199 | T63: 4 | U63: 28 | V63: 4 | W63: 28 | X63: 68 | Y63: 8 | Z63: 10 | AA63: 4 | AB63: 2 | AC63: 19 | AD63: 87 | AE63: 10 | AF63: 544 | AG63: 0 | AH63: 0 | AI63: 5 | AJ63: 7 | AK63: 9 | AL63: 0 | AM63: 0 | AN63: 0 | AO63: 0 | AP63: 27 | AQ63: 12 | AR63: 111 | AS63: 12 | AT63: 51 | AU63: 591 | AV63: 385 | AW63: =SUM(E63:AV63) -> 5951
B64: Pittsburgh Lower North Side | D64: 2 | E64: 420 | F64: 703 | G64: 290 | H64: 160 | I64: 781 | J64: 56 | K64: 76 | L64: 296 | M64: 250 | N64: 75 | O64: 56 | P64: 1023 | Q64: 69 | R64: 200 | S64: 353 | T64: 8 | U64: 32 | V64: 8 | W64: 31 | X64: 88 | Y64: 8 | Z64: 12 | AA64: 4 | AB64: 1 | AC64: 20 | AD64: 94 | AE64: 15 | AF64: 452 | AG64: 0 | AH64: 0 | AI64: 4 | AJ64: 9 | AK64: 11 | AL64: 0 | AM64: 0 | AN64: 0 | AO64: 0 | AP64: 33 | AQ64: 20 | AR64: 157 | AS64: 22 | AT64: 76 | AU64: 580 | AV64: 425 | AW64: =SUM(E64:AV64) -> 6918
B65: Pittsburgh Upper North Side | D65: 3 | E65: 261 | F65: 282 | G65: 345 | H65: 189 | I65: 810 | J65: 31 | K65: 40 | L65: 218 | M65: 129 | N65: 56 | O65: 30 | P65: 606 | Q65: 48 | R65: 130 | S65: 237 | T65: 2 | U65: 25 | V65: 3 | W65: 16 | X65: 51 | Y65: 7 | Z65: 8 | AA65: 4 | AB65: 0 | AC65: 14 | AD65: 56 | AE65: 8 | AF65: 349 | AG65: 0 | AH65: 0 | AI65: 2 | AJ65: 8 | AK65: 13 | AL65: 0 | AM65: 0 | AN65: 0 | AO65: 0 | AP65: 19 | AQ65: 8 | AR65: 96 | AS65: 13 | AT65: 53 | AU65: 328 | AV65: 236 | AW65: =SUM(E65:AV65) -> 4731
B66: Allegheny County Northwest | D66: 4 | E66: 306 | F66: 158 | G66: 226 | H66: 6251 | I66: 1766 | J66: 28 | K66: 40 | L66: 185 | M66: 104 | N66: 26 | O66: 28 | P66: 413 | Q66: 27 | R66: 57 | S66: 104 | T66: 3 | U66: 18 | V66: 2 | W66: 20 | X66: 42 | Y66: 4 | Z66: 4 | AA66: 2 | AB66: 0 | AC66: 10 | AD66: 61 | AE66: 9 | AF66: 2388 | AG66: 0 | AH66: 0 | AI66: 326 | AJ66: 665 | AK66: 126 | AL66: 0 | AM66: 0 | AN66: 0 | AO66: 0 | AP66: 36 | AQ66: 2 | AR66: 63 | AS66: 6 | AT66: 30 | AU66: 397 | AV66: 269 | AW66: =SUM(E66:AV66) -> 14202
B67: Allegheny County North (remainder) | D67: 5 | E67: 650 | F67: 921 | G67: 946 | H67: 1786 | I67: 83677 | J67: 178 | K67: 383 | L67: 1475 | M67: 584 | N67: 478 | O67: 181 | P67: 2472 | Q67: 618 | R67: 487 | S67: 1792 | T67: 13 | U67: 1522 | V67: 332 | W67: 563 | X67: 541 | Y67: 77 | Z67: 55 | AA67: 10 | AB67: 1 | AC67: 95 | AD67: 308 | AE67: 40 | AF67: 1738 | AG67: 86 | AH67: 133 | AI67: 143 | AJ67: 603 | AK67: 3087 | AL67: 0 | AM67: 0 | AN67: 2 | AO67: 6 | AP67: 41 | AQ67: 2491 | AR67: 400 | AS67: 274 | AT67: 1646 | AU67: 1264 | AV67: 1017 | AW67: =SUM(E67:AV67) -> 113116
B68: Hazelwood | D68: 6 | E68: 44 | F68: 51 | G68: 33 | H68: 26 | I68: 163 | J68: 781 | K68: 296 | L68: 681 | M68: 445 | N68: 108 | O68: 258 | P68: 350 | Q68: 73 | R68: 49 | S68: 167 | T68: 42 | U68: 68 | V68: 10 | W68: 83 | X68: 213 | Y68: 22 | Z68: 47 | AA68: 21 | AB68: 8 | AC68: 97 | AD68: 275 | AE68: 37 | AF68: 105 | AG68: 0 | AH68: 0 | AI68: 0 | AJ68: 0 | AK68: 0 | AL68: 0 | AM68: 0 | AN68: 0 | AO68: 0 | AP68: 14 | AQ68: 27 | AR68: 110 | AS68: 15 | AT68: 88 | AU68: 273 | AV68: 152 | AW68: =SUM(E68:AV68) -> 5232
B69: Squirrel Hill | D69: 7 | E69: 59 | F69: 75 | G69: 44 | H69: 33 | I69: 360 | J69: 296 | K69: 1301 | L69: 787 | M69: 404 | N69: 430 | O69: 377 | P69: 259 | Q69: 301 | R69: 62 | S69: 486 | T69: 18 | U69: 193 | V69: 18 | W69: 156 | X69: 609 | Y69: 50 | Z69: 43 | AA69: 10 | AB69: 5 | AC69: 130 | AD69: 154 | AE69: 21 | AF69: 151 | AG69: 0 | AH69: 0 | AI69: 0 | AJ69: 0 | AK69: 3 | AL69: 0 | AM69: 0 | AN69: 0 | AO69: 0 | AP69: 18 | AQ69: 55 | AR69: 90 | AS69: 70 | AT69: 380 | AU69: 278 | AV69: 178 | AW69: =SUM(E69:AV69) -> 7904
B70: Oakland | D70: 8 | E70: 282 | F70: 361 | G70: 243 | H70: 167 | I70: 1314 | J70: 714 | K70: 832 | L70: 5659 | M70: 1643 | N70: 545 | O70: 451 | P70: 935 | Q70: 381 | R70: 276 | S70: 1682 | T70: 54 | U70: 298 | V70: 47 | W70: 248 | X70: 681 | Y70: 62 | Z70: 76 | AA70: 31 | AB70: 16 | AC70: 169 | AD70: 461 | AE70: 62 | AF70: 702 | AG70: 0 | AH70: 0 | AI70: 1 | AJ70: 1 | AK70: 5 | AL70: 0 | AM70: 0 | AN70: 0 | AO70: 0 | AP70: 56 | AQ70: 110 | AR70: 426 | AS70: 68 | AT70: 427 | AU70: 1224 | AV70: 800 | AW70: =SUM(E70:AV70) -> 21510
B71: South Side | D71: 9 | E71: 172 | F71: 221 | G71: 130 | H71: 88 | I71: 534 | J71: 378 | K71: 333 | L71: 1203 | M71: 2126 | N71: 181 | O71: 243 | P71: 1165 | Q71: 100 | R71: 172 | S71: 389 | T71: 39 | U71: 93 | V71: 15 | W71: 109 | X71: 281 | Y71: 27 | Z71: 43 | AA71: 17 | AB71: 10 | AC71: 97 | AD71: 390 | AE71: 34 | AF71: 419 | AG71: 0 | AH71: 0 | AI71: 2 | AJ71: 1 | AK71: 7 | AL71: 0 | AM71: 0 | AN71: 0 | AO71: 0 | AP71: 44 | AQ71: 39 | AR71: 373 | AS71: 22 | AT71: 124 | AU71: 1213 | AV71: 581 | AW71: =SUM(E71:AV71) -> 11415
B72: Shadyside | D72: 10 | E72: 44 | F72: 79 | G72: 56 | H72: 25 | I72: 413 | J72: 108 | K72: 406 | L72: 498 | M72: 187 | N72: 725 | O72: 118 | P72: 141 | Q72: 308 | R72: 87 | S72: 758 | T72: 7 | U72: 152 | V72: 16 | W72: 96 | X72: 306 | Y72: 30 | Z72: 18 | AA72: 5 | AB72: 2 | AC72: 43 | AD72: 67 | AE72: 10 | AF72: 93 | AG72: 0 | AH72: 0 | AI72: 0 | AJ72: 0 | AK72: 2 | AL72: 0 | AM72: 0 | AN72: 0 | AO72: 0 | AP72: 8 | AQ72: 38 | AR72: 56 | AS72: 62 | AT72: 300 | AU72: 167 | AV72: 107 | AW72: =SUM(E72:AV72) -> 5538
B73: Waterfront (West Homestead Homestead Munhall(part)) | D73: 11 | E73: 48 | F73: 52 | G73: 31 | H73: 25 | I73: 174 | J73: 285 | K73: 380 | L73: 406 | M73: 307 | N73: 127 | O73: 2420 | P73: 233 | Q73: 94 | R73: 39 | S73: 154 | T73: 96 | U73: 102 | V73: 15 | W73: 180 | X73: 568 | Y73: 108 | Z73: 134 | AA73: 41 | AB73: 15 | AC73: 579 | AD73: 560 | AE73: 75 | AF73: 125 | AG73: 0 | AH73: 0 | AI73: 0 | AJ73: 0 | AK73: 0 | AL73: 0 | AM73: 0 | AN73: 0 | AO73: 0 | AP73: 31 | AQ73: 78 | AR73: 60 | AS73: 22 | AT73: 120 | AU73: 335 | AV73: 232 | AW73: =SUM(E73:AV73) -> 8251
B74: Downtown | D74: 12 | E74: 741 | F74: 1055 | G74: 588 | H74: 347 | I74: 2029 | J74: 341 | K74: 231 | L74: 546 | M74: 1534 | N74: 127 | O74: 261 | P74: 4425 | Q74: 136 | R74: 634 | S74: 1077 | T74: 41 | U74: 145 | V74: 34 | W74: 157 | X74: 336 | Y74: 36 | Z74: 62 | AA74: 19 | AB74: 15 | AC74: 106 | AD74: 542 | AE74: 69 | AF74: 1393 | AG74: 0 | AH74: 0 | AI74: 6 | AJ74: 13 | AK74: 31 | AL74: 0 | AM74: 0 | AN74: 0 | AO74: 0 | AP74: 142 | AQ74: 80 | AR74: 421 | AS74: 19 | AT74: 178 | AU74: 2439 | AV74: 1683 | AW74: =SUM(E74:AV74) -> 22039
B75: East Liberty | D75: 13 | E75: 41 | F75: 71 | G75: 52 | H75: 26 | I75: 529 | J75: 68 | K75: 281 | L75: 388 | M75: 109 | N75: 317 | O75: 89 | P75: 163 | Q75: 629 | R75: 76 | S75: 640 | T75: 7 | U75: 204 | V75: 20 | W75: 102 | X75: 307 | Y75: 29 | Z75: 16 | AA75: 5 | AB75: 2 | AC75: 36 | AD75: 46 | AE75: 9 | AF75: 88 | AG75: 0 | AH75: 0 | AI75: 0 | AJ75: 0 | AK75: 4 | AL75: 0 | AM75: 0 | AN75: 0 | AO75: 0 | AP75: 6 | AQ75: 46 | AR75: 49 | AS75: 132 | AT75: 431 | AU75: 139 | AV75: 87 | AW75: =SUM(E75:AV75) -> 5244
... B106: Allegheny County Southcentral | D106: 44 | E106: 415 | F106: 450 | G106: 252 | H106: 263 | I106: 986 | J106: 169 | K106: 206 | L106: 846 | M106: 730 | N106: 133 | O106: 255 | P106: 1781 | Q106: 102 | R106: 256 | S106: 436 | T106: 51 | U106: 91 | V106: 16 | W106: 134 | X106: 237 | Y106: 47 | Z106: 107 | AA106: 38 | AB106: 42 | AC106: 153 | AD106: 2986 | AE106: 946 | AF106: 5926 | AG106: 0 | AH106: 0 | AI106: 27 | AJ106: 14 | AK106: 8 | AL106: 2 | AM106: 0 | AN106: 0 | AO106: 0 | AP106: 2682 | AQ106: 37 | AR106: 326 | AS106: 29 | AT106: 125 | AU106: 4187 | AV106: 27796 | AW106: =SUM(E106:AV106) -> 53287
D107: Total | E107: =SUM(E63:E106) -> 6195 | F107: =SUM(F63:F106) -> 7185 | G107: =SUM(G63:G106) -> 4973 | H107: =SUM(H63:H106) -> 13874 | I107: =SUM(I63:I106) -> 111710 | J107: =SUM(J63:J106) -> 5323 | K107: =SUM(K63:K106) -> 8093 | L107: =SUM(L63:L106) -> 21211 | ... AV107: =SUM(AV63:AV106) -> 52300 | AW107: =SUM(E107:AV107) -> 1046241
D116: - - - - - Table 6c - Change - 2020 To 2045 - Non Home-Based (NHB) Vehicle Trips - - - - -
B117: District Names | E117: Destination District
E118: 1 | F118: 2 | G118: 3 | H118: 4 | I118: 5 | J118: 6 | K118: 7 | L118: 8 | M118: 9 | N118: 10 | O118: 11 | P118: 12 | Q118: 13 | R118: 14 | S118: 15 | T118: 16 | U118: 17 | V118: 18 | W118: 19 | X118: 20 | Y118: 21 | Z118: 22 | AA118: 23 | AB118: 24 | AC118: 25 | AD118: 26 | AE118: 27 | AF118: 28 | AG118: 29 | AH118: 30 | AI118: 31 | AJ118: 32 | AK118: 33 | AL118: 34 | AM118: 35 | AN118: 36 | AO118: 37 | AP118: 38 | AQ118: 39 | AR118: 40 | AS118: 41 | AT118: 42 | AU118: 43 | AV118: 44 | AW118: Total
B119: Pittsburgh Chateau Area | C119: Origin District | D119: 1 | E119: =E63-E7 -> 63 | F119: =F63-F7 -> 0 | G119: =G63-G7 -> 25 | H119: =H63-H7 -> 15 | I119: =I63-I7 -> 35 | J119: =J63-J7 -> 24 | K119: =K63-K7 -> 3 | L119: =L63-L7 -> 4 | ... AV119: =AV63-AV7 -> 20 | AW119: =SUM(E119:AV119) -> 501
B120: Pittsburgh Lower North Side | D120: 2 | E120: =E64-E8 -> -4 | F120: =F64-F8 -> -33 | G120: =G64-G8 -> 15 | H120: =H64-H8 -> -5 | I120: =I64-I8 -> 12 | J120: =J64-J8 -> 29 | K120: =K64-K8 -> -3 | L120: =L64-L8 -> -68 | ... AV120: =AV64-AV8 -> -7 | AW120: =SUM(E120:AV120) -> -31
B121: Pittsburgh Upper North Side | D121: 3 | E121: =E65-E9 -> 35 | F121: =F65-F9 -> 11 | G121: =G65-G9 -> 53 | H121: =H65-H9 -> 18 | I121: =I65-I9 -> 91 | J121: =J65-J9 -> 21 | K121: =K65-K9 -> 1 | L121: =L65-L9 -> 10 | ... AV121: =AV65-AV9 -> 24 | AW121: =SUM(E121:AV121) -> 538
B122: Allegheny County Northwest | D122: 4 | E122: =E66-E10 -> 28 | F122: =F66-F10 -> -3 | G122: =G66-G10 -> 21 | H122: =H66-H10 -> 507 | I122: =I66-I10 -> 97 | J122: =J66-J10 -> 14 | K122: =K66-K10 -> 7 | L122: =L66-L10 -> 0 | ... AV122: =AV66-AV10 -> 7 | AW122: =SUM(E122:AV122) -> 1032
B123: Allegheny County North (remainder) | D123: 5 | E123: =E67-E11 -> 50 | F123: =F67-F11 -> 26 | G123: =G67-G11 -> 100 | H123: =H67-H11 -> 101 | I123: =I67-I11 -> 9184 | J123: =J67-J11 -> 101 | K123: =K67-K11 -> 32 | L123: =L67-L11 -> 39 | ... AV123: =AV67-AV11 -> 51 | AW123: =SUM(E123:AV123) -> 11559
B124: Hazelwood | D124: 6 | E124: =E68-E12 -> 24 | F124: =F68-F12 -> 24 | G124: =G68-G12 -> 22 | H124: =H68-H12 -> 13 | I124: =I68-I12 -> 97 | J124: =J68-J12 -> 649 | K124: =K68-K12 -> 164 | L124: =L68-L12 -> 386 | ... AV124: =AV68-AV12 -> 81 | AW124: =SUM(E124:AV124) -> 3181
B125: Squirrel Hill | D125: 7 | E125: =E69-E13 -> 4 | F125: =F69-F13 -> 1 | G125: =G69-G13 -> 7 | H125: =H69-H13 -> 1 | I125: =I69-I13 -> 27 | J125: =J69-J13 -> 163 | K125: =K69-K13 -> 165 | L125: =L69-L13 -> -307 | ... AV125: =AV69-AV13 -> 5 | AW125: =SUM(E125:AV125) -> 243
B126: Oakland | D126: 8 | E126: =E70-E14 -> -5 | F126: =F70-F14 -> -26 | G126: =G70-G14 -> 13 | H126: =H70-H14 -> 3 | I126: =I70-I14 -> -10 | J126: =J70-J14 -> 415 | K126: =K70-K14 -> -244 | L126: =L70-L14 -> -1320 | ... AV126: =AV70-AV14 -> 1 | AW126: =SUM(E126:AV126) -> -2550
B127: South Side | D127: 9 | E127: =E71-E15 -> 8 | F127: =F71-F15 -> 3 | G127: =G71-G15 -> 20 | H127: =H71-H15 -> 10 | I127: =I71-I15 -> 21 | J127: =J71-J15 -> 229 | K127: =K71-K15 -> 26 | L127: =L71-L15 -> -117 | ... AV127: =AV71-AV15 -> 0 | AW127: =SUM(E127:AV127) -> 724
B128: Shadyside | D128: 10 | E128: =E72-E16 -> 2 | F128: =F72-F16 -> -9 | G128: =G72-G16 -> 0 | H128: =H72-H16 -> -2 | I128: =I72-I16 -> -25 | J128: =J72-J16 -> 58 | K128: =K72-K16 -> -27 | L128: =L72-L16 -> -490 | ... AV128: =AV72-AV16 -> -11 | AW128: =SUM(E128:AV128) -> -956
B129: Waterfront (West Homestead Homestead Munhall(part)) | D129: 11 | E129: =E73-E17 -> 4 | F129: =F73-F17 -> -3 | G129: =G73-G17 -> 1 | H129: =H73-H17 -> -2 | I129: =I73-I17 -> 3 | J129: =J73-J17 -> 144 | K129: =K73-K17 -> 13 | L129: =L73-L17 -> -111 | ... AV129: =AV73-AV17 -> 1 | AW129: =SUM(E129:AV129) -> 84
B130: Downtown | D130: 12 | E130: =E74-E18 -> 99 | F130: =F74-F18 -> 0 | G130: =G74-G18 -> 82 | H130: =H74-H18 -> 32 | I130: =I74-I18 -> 226 | J130: =J74-J18 -> 198 | K130: =K74-K18 -> -145 | L130: =L74-L18 -> -699 | ... AV130: =AV74-AV18 -> 133 | AW130: =SUM(E130:AV130) -> -949
B131: East Liberty | D131: 13 | E131: =E75-E19 -> 2 | F131: =F75-F19 -> 1 | G131: =G75-G19 -> 9 | H131: =H75-H19 -> 5 | I131: =I75-I19 -> 22 | J131: =J75-J19 -> 38 | K131: =K75-K19 -> 10 | L131: =L75-L19 -> -82 | ... AV131: =AV75-AV19 -> -5 | AW131: =SUM(E131:AV131) -> 203
... B162: Allegheny County Southcentral | D162: 44 | E162: =E106-E50 -> 29 | F162: =F106-F50 -> -18 | G162: =G106-G50 -> 21 | H162: =H106-H50 -> 18 | I162: =I106-I50 -> 37 | J162: =J106-J50 -> 94 | K162: =K106-K50 -> 13 | L162: =L106-L50 -> -84 | ... AV162: =AV106-AV50 -> 2592 | AW162: =SUM(E162:AV162) -> 4423
D163: Total | E163: =SUM(E119:E162) -> 553 | F163: =SUM(F119:F162) -> 33 | G163: =SUM(G119:G162) -> 573 | H163: =SUM(H119:H162) -> 987 | I163: =SUM(I119:I162) -> 11343 | J163: =SUM(J119:J162) -> 3226 | K163: =SUM(K119:K162) -> 278 | L163: =SUM(L119:L162) -> -3032 | ... AV163: =SUM(AV119:AV162) -> 4591 | AW163: =SUM(E163:AV163) -> 72933
D172: - - - - - Table 6d - Percent Change - 2020 To 2045 - Non Home-Based (NHB) Vehicle Trips - - - - -
B173: District Names | E173: Destination District
E174: 1 | F174: 2 | G174: 3 | H174: 4 | I174: 5 | J174: 6 | K174: 7 | L174: 8 | M174: 9 | N174: 10 | O174: 11 | P174: 12 | Q174: 13 | R174: 14 | S174: 15 | T174: 16 | U174: 17 | V174: 18 | W174: 19 | X174: 20 | Y174: 21 | Z174: 22 | AA174: 23 | AB174: 24 | AC174: 25 | AD174: 26 | AE174: 27 | AF174: 28 | AG174: 29 | AH174: 30 | AI174: 31 | AJ174: 32 | AK174: 33 | AL174: 34 | AM174: 35 | AN174: 36 | AO174: 37 | AP174: 38 | AQ174: 39 | AR174: 40 | AS174: 41 | AT174: 42 | AU174: 43 | AV174: 44 | AW174: Total
B175: Pittsburgh Chateau Area | C175: Origin District | D175: 1 | E175: =IF((E7=0),("N/A"),(E119/E7)) -> 0.098591549 | F175: =IF((F7=0),("N/A"),(F119/F7)) -> 0 | G175: =IF((G7=0),("N/A"),(G119/G7)) -> 0.11363636 | H175: =IF((H7=0),("N/A"),(H119/H7)) -> 0.064935065 | I175: =IF((I7=0),("N/A"),(I119/I7)) -> 0.069721116 | J175: =IF((J7=0),("N/A"),(J119/J7)) -> 1.2631579 | K175: =IF((K7=0),("N/A"),(K119/K7)) -> 0.048387097 | L175: =IF((L7=0),("N/A"),(L119/L7)) -> 0.014388489 | ... AW175: =IF((AW7=0),("N/A"),(AW119/AW7)) -> 0.091926606
B176: Pittsburgh Lower North Side | D176: 2 | E176: =IF((E8=0),("N/A"),(E120/E8)) -> -0.0094339623 | F176: =IF((F8=0),("N/A"),(F120/F8)) -> -0.044836957 | G176: =IF((G8=0),("N/A"),(G120/G8)) -> 0.054545455 | H176: =IF((H8=0),("N/A"),(H120/H8)) -> -0.03030303 | I176: =IF((I8=0),("N/A"),(I120/I8)) -> 0.015604681 | J176: =IF((J8=0),("N/A"),(J120/J8)) -> 1.0740741 | K176: =IF((K8=0),("N/A"),(K120/K8)) -> -0.037974684 | L176: =IF((L8=0),("N/A"),(L120/L8)) -> -0.18681319 | ... AW176: =IF((AW8=0),("N/A"),(AW120/AW8)) -> -0.0044610735
B177: Pittsburgh Upper North Side | D177: 3 | E177: =IF((E9=0),("N/A"),(E121/E9)) -> 0.15486726 | F177: =IF((F9=0),("N/A"),(F121/F9)) -> 0.040590406 | G177: =IF((G9=0),("N/A"),(G121/G9)) -> 0.18150685 | H177: =IF((H9=0),("N/A"),(H121/H9)) -> 0.10526316 | I177: =IF((I9=0),("N/A"),(I121/I9)) -> 0.12656467 | J177: =IF((J9=0),("N/A"),(J121/J9)) -> 2.1 | K177: =IF((K9=0),("N/A"),(K121/K9)) -> 0.025641026 | L177: =IF((L9=0),("N/A"),(L121/L9)) -> 0.048076923 | ... AW177: =IF((AW9=0),("N/A"),(AW121/AW9)) -> 0.12830909
B178: Allegheny County Northwest | D178: 4 | E178: =IF((E10=0),("N/A"),(E122/E10)) -> 0.10071942 | F178: =IF((F10=0),("N/A"),(F122/F10)) -> -0.01863354 | G178: =IF((G10=0),("N/A"),(G122/G10)) -> 0.10243902 | H178: =IF((H10=0),("N/A"),(H122/H10)) -> 0.088266017 | I178: =IF((I10=0),("N/A"),(I122/I10)) -> 0.058118634 | J178: =IF((J10=0),("N/A"),(J122/J10)) -> 1 | K178: =IF((K10=0),("N/A"),(K122/K10)) -> 0.21212121 | L178: =IF((L10=0),("N/A"),(L122/L10)) -> 0 | ... AW178: =IF((AW10=0),("N/A"),(AW122/AW10)) -> 0.078359909
B179: Allegheny County North (remainder) | D179: 5 | E179: =IF((E11=0),("N/A"),(E123/E11)) -> 0.083333333 | F179: =IF((F11=0),("N/A"),(F123/F11)) -> 0.029050279 | G179: =IF((G11=0),("N/A"),(G123/G11)) -> 0.11820331 | H179: =IF((H11=0),("N/A"),(H123/H11)) -> 0.059940653 | I179: =IF((I11=0),("N/A"),(I123/I11)) -> 0.12328675 | J179: =IF((J11=0),("N/A"),(J123/J11)) -> 1.3116883 | K179: =IF((K11=0),("N/A"),(K123/K11)) -> 0.091168091 | L179: =IF((L11=0),("N/A"),(L123/L11)) -> 0.027158774 | ... AW179: =IF((AW11=0),("N/A"),(AW123/AW11)) -> 0.11381786
B180: Hazelwood | D180: 6 | E180: =IF((E12=0),("N/A"),(E124/E12)) -> 1.2 | F180: =IF((F12=0),("N/A"),(F124/F12)) -> 0.88888889 | G180: =IF((G12=0),("N/A"),(G124/G12)) -> 2 | H180: =IF((H12=0),("N/A"),(H124/H12)) -> 1 | I180: =IF((I12=0),("N/A"),(I124/I12)) -> 1.469697 | J180: =IF((J12=0),("N/A"),(J124/J12)) -> 4.9166667 | K180: =IF((K12=0),("N/A"),(K124/K12)) -> 1.2424242 | L180: =IF((L12=0),("N/A"),(L124/L12)) -> 1.3084746 | ... AW180: =IF((AW12=0),("N/A"),(AW124/AW12)) -> 1.5509508
B181: Squirrel Hill | D181: 7 | E181: =IF((E13=0),("N/A"),(E125/E13)) -> 0.072727273 | F181: =IF((F13=0),("N/A"),(F125/F13)) -> 0.013513514 | G181: =IF((G13=0),("N/A"),(G125/G13)) -> 0.18918919 | H181: =IF((H13=0),("N/A"),(H125/H13)) -> 0.03125 | I181: =IF((I13=0),("N/A"),(I125/I13)) -> 0.081081081 | J181: =IF((J13=0),("N/A"),(J125/J13)) -> 1.2255639 | K181: =IF((K13=0),("N/A"),(K125/K13)) -> 0.14524648 | L181: =IF((L13=0),("N/A"),(L125/L13)) -> -0.28062157 | ... AW181: =IF((AW13=0),("N/A"),(AW125/AW13)) -> 0.031719097
B182: Oakland | D182: 8 | E182: =IF((E14=0),("N/A"),(E126/E14)) -> -0.017421603 | F182: =IF((F14=0),("N/A"),(F126/F14)) -> -0.067183463 | G182: =IF((G14=0),("N/A"),(G126/G14)) -> 0.056521739 | H182: =IF((H14=0),("N/A"),(H126/H14)) -> 0.018292683 | I182: =IF((I14=0),("N/A"),(I126/I14)) -> -0.0075528701 | J182: =IF((J14=0),("N/A"),(J126/J14)) -> 1.3879599 | K182: =IF((K14=0),("N/A"),(K126/K14)) -> -0.2267658 | L182: =IF((L14=0),("N/A"),(L126/L14)) -> -0.18913885 | ... AW182: =IF((AW14=0),("N/A"),(AW126/AW14)) -> -0.10598504
B183: South Side | D183: 9 | E183: =IF((E15=0),("N/A"),(E127/E15)) -> 0.048780488 | F183: =IF((F15=0),("N/A"),(F127/F15)) -> 0.013761468 | G183: =IF((G15=0),("N/A"),(G127/G15)) -> 0.18181818 | H183: =IF((H15=0),("N/A"),(H127/H15)) -> 0.12820513 | I183: =IF((I15=0),("N/A"),(I127/I15)) -> 0.040935673 | J183: =IF((J15=0),("N/A"),(J127/J15)) -> 1.5369128 | K183: =IF((K15=0),("N/A"),(K127/K15)) -> 0.084690554 | L183: =IF((L15=0),("N/A"),(L127/L15)) -> -0.088636364 | ... AW183: =IF((AW15=0),("N/A"),(AW127/AW15)) -> 0.067720513
B184: Shadyside | D184: 10 | E184: =IF((E16=0),("N/A"),(E128/E16)) -> 0.047619048 | F184: =IF((F16=0),("N/A"),(F128/F16)) -> -0.10227273 | G184: =IF((G16=0),("N/A"),(G128/G16)) -> 0 | H184: =IF((H16=0),("N/A"),(H128/H16)) -> -0.074074074 | I184: =IF((I16=0),("N/A"),(I128/I16)) -> -0.057077626 | J184: =IF((J16=0),("N/A"),(J128/J16)) -> 1.16 | K184: =IF((K16=0),("N/A"),(K128/K16)) -> -0.062355658 | L184: =IF((L16=0),("N/A"),(L128/L16)) -> -0.49595142 | ... AW184: =IF((AW16=0),("N/A"),(AW128/AW16)) -> -0.14721281
B185: Waterfront (West Homestead Homestead Munhall(part)) | D185: 11 | E185: =IF((E17=0),("N/A"),(E129/E17)) -> 0.090909091 | F185: =IF((F17=0),("N/A"),(F129/F17)) -> -0.054545455 | G185: =IF((G17=0),("N/A"),(G129/G17)) -> 0.033333333 | H185: =IF((H17=0),("N/A"),(H129/H17)) -> -0.074074074 | I185: =IF((I17=0),("N/A"),(I129/I17)) -> 0.01754386 | J185: =IF((J17=0),("N/A"),(J129/J17)) -> 1.0212766 | K185: =IF((K17=0),("N/A"),(K129/K17)) -> 0.035422343 | L185: =IF((L17=0),("N/A"),(L129/L17)) -> -0.21470019 | ... AW185: =IF((AW17=0),("N/A"),(AW129/AW17)) -> 0.010285294
B186: Downtown | D186: 12 | E186: =IF((E18=0),("N/A"),(E130/E18)) -> 0.15420561 | F186: =IF((F18=0),("N/A"),(F130/F18)) -> 0 | G186: =IF((G18=0),("N/A"),(G130/G18)) -> 0.16205534 | H186: =IF((H18=0),("N/A"),(H130/H18)) -> 0.1015873 | I186: =IF((I18=0),("N/A"),(I130/I18)) -> 0.12534664 | J186: =IF((J18=0),("N/A"),(J130/J18)) -> 1.3846154 | K186: =IF((K18=0),("N/A"),(K130/K18)) -> -0.3856383 | L186: =IF((L18=0),("N/A"),(L130/L18)) -> -0.56144578 | ... AW186: =IF((AW18=0),("N/A"),(AW130/AW18)) -> -0.041282408
B187: East Liberty | D187: 13 | E187: =IF((E19=0),("N/A"),(E131/E19)) -> 0.051282051 | F187: =IF((F19=0),("N/A"),(F131/F19)) -> 0.014285714 | G187: =IF((G19=0),("N/A"),(G131/G19)) -> 0.20930233 | H187: =IF((H19=0),("N/A"),(H131/H19)) -> 0.23809524 | I187: =IF((I19=0),("N/A"),(I131/I19)) -> 0.043392505 | J187: =IF((J19=0),("N/A"),(J131/J19)) -> 1.2666667 | K187: =IF((K19=0),("N/A"),(K131/K19)) -> 0.036900369 | L187: =IF((L19=0),("N/A"),(L131/L19)) -> -0.17446809 | ... AW187: =IF((AW19=0),("N/A"),(AW131/AW19)) -> 0.040269788
... B218: Allegheny County Southcentral | D218: 44 | E218: =IF((E50=0),("N/A"),(E162/E50)) -> 0.075129534 | F218: =IF((F50=0),("N/A"),(F162/F50)) -> -0.038461538 | G218: =IF((G50=0),("N/A"),(G162/G50)) -> 0.090909091 | H218: =IF((H50=0),("N/A"),(H162/H50)) -> 0.073469388 | I218: =IF((I50=0),("N/A"),(I162/I50)) -> 0.038988409 | J218: =IF((J50=0),("N/A"),(J162/J50)) -> 1.2533333 | K218: =IF((K50=0),("N/A"),(K162/K50)) -> 0.067357513 | L218: =IF((L50=0),("N/A"),(L162/L50)) -> -0.090322581 | ... AW218: =IF((AW50=0),("N/A"),(AW162/AW50)) -> 0.090516536
D219: Total | E219: =IF((E51=0),("N/A"),(E163/E51)) -> 0.098014888 | F219: =IF((F51=0),("N/A"),(F163/F51)) -> 0.004614094 | G219: =IF((G51=0),("N/A"),(G163/G51)) -> 0.13022727 | H219: =IF((H51=0),("N/A"),(H163/H51)) -> 0.07658881 | I219: =IF((I51=0),("N/A"),(I163/I51)) -> 0.11301523 | J219: =IF((J51=0),("N/A"),(J163/J51)) -> 1.5383882 | K219: =IF((K51=0),("N/A"),(K163/K51)) -> 0.035572617 | L219: =IF((L51=0),("N/A"),(L163/L51)) -> -0.12506703 | ... AW219: =IF((AW51=0),("N/A"),(AW163/AW51)) -> 0.074933115

Sheet T7_HBW_TranPers
D4: - - - - - Table 7a - 2020 Home-Based Work (HBW) Transit Person Trips - - - - -
B5: District Names | E5: Destination District
E6: 1 | F6: 2 | G6: 3 | H6: 4 | I6: 5 | J6: 6 | K6: 7 | L6: 8 | M6: 9 | N6: 10 | O6: 11 | P6: 12 | Q6: 13 | R6: 14 | S6: 15 | T6: 16 | U6: 17 | V6: 18 | W6: 19 | X6: 20 | Y6: 21 | Z6: 22 | AA6: 23 | AB6: 24 | AC6: 25 | AD6: 26 | AE6: 27 | AF6: 28 | AG6: 29 | AH6: 30 | AI6: 31 | AJ6: 32 | AK6: 33 | AL6: 34 | AM6: 35 | AN6: 36 | AO6: 37 | AP6: 38 | AQ6: 39 | AR6: 40 | AS6: 41 | AT6: 42 | AU6: 43 | AV6: 44 | AW6: Total
B7: Pittsburgh Chateau Area | C7: Origin District | D7: 1 | E7: 29 | F7: 49 | G7: 10 | H7: 14 | I7: 20 | J7: 2 | K7: 2 | L7: 77 | M7: 7 | N7: 2 | O7: 0 | P7: 1019 | Q7: 2 | R7: 18 | S7: 19 | T7: 0 | U7: 0 | V7: 0 | W7: 1 | X7: 1 | Y7: 0 | Z7: 0 | AA7: 0 | AB7: 0 | AC7: 0 | AD7: 1 | AE7: 0 | AF7: 20 | AG7: 0 | AH7: 0 | AI7: 0 | AJ7: 0 | AK7: 0 | AL7: 0 | AM7: 0 | AN7: 0 | AO7: 0 | AP7: 0 | AQ7: 0 | AR7: 28 | AS7: 1 | AT7: 2 | AU7: 23 | AV7: 12 | AW7: =SUM(E7:AV7) -> 1359
B8: Pittsburgh Lower North Side | D8: 2 | E8: 31 | F8: 37 | G8: 9 | H8: 3 | I8: 20 | J8: 1 | K8: 3 | L8: 119 | M8: 11 | N8: 5 | O8: 0 | P8: 956 | Q8: 5 | R8: 41 | S8: 47 | T8: 0 | U8: 1 | V8: 0 | W8: 1 | X8: 1 | Y8: 0 | Z8: 0 | AA8: 0 | AB8: 0 | AC8: 0 | AD8: 1 | AE8: 0 | AF8: 13 | AG8: 0 | AH8: 0 | AI8: 0 | AJ8: 0 | AK8: 0 | AL8: 0 | AM8: 0 | AN8: 0 | AO8: 0 | AP8: 0 | AQ8: 0 | AR8: 38 | AS8: 1 | AT8: 3 | AU8: 31 | AV8: 11 | AW8: =SUM(E8:AV8) -> 1389
B9: Pittsburgh Upper North Side | D9: 3 | E9: 54 | F9: 118 | G9: 25 | H9: 26 | I9: 69 | J9: 3 | K9: 5 | L9: 176 | M9: 13 | N9: 7 | O9: 0 | P9: 2340 | Q9: 7 | R9: 58 | S9: 53 | T9: 0 | U9: 1 | V9: 0 | W9: 1 | X9: 2 | Y9: 0 | Z9: 0 | AA9: 0 | AB9: 0 | AC9: 0 | AD9: 1 | AE9: 0 | AF9: 31 | AG9: 0 | AH9: 0 | AI9: 0 | AJ9: 0 | AK9: 0 | AL9: 0 | AM9: 0 | AN9: 0 | AO9: 0 | AP9: 0 | AQ9: 0 | AR9: 62 | AS9: 1 | AT9: 5 | AU9: 35 | AV9: 17 | AW9: =SUM(E9:AV9) -> 3110
B10: Allegheny County Northwest | D10: 4 | E10: 108 | F10: 71 | G10: 20 | H10: 133 | I10: 78 | J10: 3 | K10: 4 | L10: 129 | M10: 10 | N10: 6 | O10: 0 | P10: 2424 | Q10: 5 | R10: 44 | S10: 29 | T10: 0 | U10: 1 | V10: 0 | W10: 1 | X10: 2 | Y10: 0 | Z10: 0 | AA10: 0 | AB10: 0 | AC10: 0 | AD10: 1 | AE10: 0 | AF10: 95 | AG10: 0 | AH10: 0 | AI10: 2 | AJ10: 15 | AK10: 0 | AL10: 0 | AM10: 0 | AN10: 0 | AO10: 0 | AP10: 1 | AQ10: 0 | AR10: 56 | AS10: 1 | AT10: 4 | AU10: 36 | AV10: 19 | AW10: =SUM(E10:AV10) -> 3298
B11: Allegheny County North (remainder) | D11: 5 | E11: 44 | F11: 131 | G11: 24 | H11: 30 | I11: 779 | J11: 5 | K11: 17 | L11: 665 | M11: 14 | N11: 48 | O11: 1 | P11: 6491 | Q11: 55 | R11: 148 | S11: 219 | T11: 0 | U11: 24 | V11: 2 | W11: 13 | X11: 10 | Y11: 1 | Z11: 0 | AA11: 0 | AB11: 0 | AC11: 0 | AD11: 1 | AE11: 0 | AF11: 25 | AG11: 0 | AH11: 1 | AI11: 0 | AJ11: 0 | AK11: 6 | AL11: 0 | AM11: 0 | AN11: 0 | AO11: 0 | AP11: 0 | AQ11: 36 | AR11: 131 | AS11: 21 | AT11: 78 | AU11: 42 | AV11: 20 | AW11: =SUM(E11:AV11) -> 9082
B12: Hazelwood | D12: 6 | E12: 5 | F12: 8 | G12: 1 | H12: 1 | I12: 5 | J12: 18 | K12: 18 | L12: 279 | M12: 17 | N12: 8 | O12: 4 | P12: 952 | Q12: 6 | R12: 13 | S12: 16 | T12: 0 | U12: 1 | V12: 0 | W12: 1 | X12: 4 | Y12: 0 | Z12: 0 | AA12: 0 | AB12: 0 | AC12: 1 | AD12: 3 | AE12: 0 | AF12: 4 | AG12: 0 | AH12: 0 | AI12: 0 | AJ12: 0 | AK12: 0 | AL12: 0 | AM12: 0 | AN12: 0 | AO12: 0 | AP12: 0 | AQ12: 0 | AR12: 41 | AS12: 1 | AT12: 6 | AU12: 13 | AV12: 5 | AW12: =SUM(E12:AV12) -> 1431
B13: Squirrel Hill | D13: 7 | E13: 15 | F13: 23 | G13: 3 | H13: 3 | I13: 20 | J13: 27 | K13: 128 | L13: 2419 | M13: 30 | N13: 121 | O13: 13 | P13: 2720 | Q13: 94 | R13: 55 | S13: 165 | T13: 0 | U13: 7 | V13: 0 | W13: 6 | X13: 40 | Y13: 2 | Z13: 0 | AA13: 0 | AB13: 0 | AC13: 3 | AD13: 3 | AE13: 0 | AF13: 10 | AG13: 0 | AH13: 0 | AI13: 0 | AJ13: 0 | AK13: 0 | AL13: 0 | AM13: 0 | AN13: 0 | AO13: 0 | AP13: 0 | AQ13: 0 | AR13: 157 | AS13: 16 | AT13: 98 | AU13: 27 | AV13: 11 | AW13: =SUM(E13:AV13) -> 6216
B14: Oakland | D14: 8 | E14: 17 | F14: 27 | G14: 4 | H14: 3 | I14: 16 | J14: 13 | K14: 52 | L14: 545 | M14: 46 | N14: 52 | O14: 3 | P14: 1404 | Q14: 33 | R14: 33 | S14: 110 | T14: 0 | U14: 2 | V14: 0 | W14: 3 | X14: 11 | Y14: 1 | Z14: 0 | AA14: 0 | AB14: 0 | AC14: 0 | AD14: 2 | AE14: 0 | AF14: 11 | AG14: 0 | AH14: 0 | AI14: 0 | AJ14: 0 | AK14: 0 | AL14: 0 | AM14: 0 | AN14: 0 | AO14: 0 | AP14: 0 | AQ14: 0 | AR14: 101 | AS14: 7 | AT14: 26 | AU14: 25 | AV14: 12 | AW14: =SUM(E14:AV14) -> 2559
B15: South Side | D15: 9 | E15: 14 | F15: 22 | G15: 2 | H15: 2 | I15: 10 | J15: 7 | K15: 10 | L15: 550 | M15: 30 | N15: 11 | O15: 1 | P15: 1684 | Q15: 7 | R15: 30 | S15: 41 | T15: 0 | U15: 1 | V15: 0 | W15: 1 | X15: 4 | Y15: 0 | Z15: 0 | AA15: 0 | AB15: 0 | AC15: 0 | AD15: 3 | AE15: 1 | AF15: 11 | AG15: 0 | AH15: 0 | AI15: 0 | AJ15: 0 | AK15: 0 | AL15: 0 | AM15: 0 | AN15: 0 | AO15: 0 | AP15: 0 | AQ15: 0 | AR15: 101 | AS15: 2 | AT15: 6 | AU15: 74 | AV15: 13 | AW15: =SUM(E15:AV15) -> 2638
B16: Shadyside | D16: 10 | E16: 7 | F16: 15 | G16: 2 | H16: 2 | I16: 18 | J16: 4 | K16: 53 | L16: 1123 | M16: 11 | N16: 39 | O16: 2 | P16: 1069 | Q16: 56 | R16: 47 | S16: 173 | T16: 0 | U16: 5 | V16: 0 | W16: 3 | X16: 15 | Y16: 0 | Z16: 0 | AA16: 0 | AB16: 0 | AC16: 0 | AD16: 1 | AE16: 0 | AF16: 4 | AG16: 0 | AH16: 0 | AI16: 0 | AJ16: 0 | AK16: 0 | AL16: 0 | AM16: 0 | AN16: 0 | AO16: 0 | AP16: 0 | AQ16: 0 | AR16: 72 | AS16: 9 | AT16: 62 | AU16: 11 | AV16: 4 | AW16: =SUM(E16:AV16) -> 2807
B17: Waterfront (West Homestead Homestead Munhall(part)) | D17: 11 | E17: 4 | F17: 6 | G17: 1 | H17: 1 | I17: 5 | J17: 17 | K17: 35 | L17: 199 | M17: 9 | N17: 8 | O17: 0 | P17: 479 | Q17: 6 | R17: 9 | S17: 13 | T17: 1 | U17: 1 | V17: 0 | W17: 3 | X17: 14 | Y17: 2 | Z17: 2 | AA17: 0 | AB17: 0 | AC17: 15 | AD17: 6 | AE17: 1 | AF17: 3 | AG17: 0 | AH17: 0 | AI17: 0 | AJ17: 0 | AK17: 0 | AL17: 0 | AM17: 0 | AN17: 0 | AO17: 0 | AP17: 0 | AQ17: 0 | AR17: 21 | AS17: 1 | AT17: 6 | AU17: 11 | AV17: 5 | AW17: =SUM(E17:AV17) -> 884
B18: Downtown | D18: 12 | E18: 17 | F18: 20 | G18: 3 | H18: 3 | I18: 12 | J18: 2 | K18: 4 | L18: 128 | M18: 12 | N18: 7 | O18: 0 | P18: 108 | Q18: 4 | R18: 15 | S18: 30 | T18: 0 | U18: 0 | V18: 0 | W18: 0 | X18: 2 | Y18: 0 | Z18: 0 | AA18: 0 | AB18: 0 | AC18: 0 | AD18: 2 | AE18: 0 | AF18: 9 | AG18: 0 | AH18: 0 | AI18: 0 | AJ18: 0 | AK18: 0 | AL18: 0 | AM18: 0 | AN18: 0 | AO18: 0 | AP18: 0 | AQ18: 0 | AR18: 36 | AS18: 1 | AT18: 3 | AU18: 27 | AV18: 9 | AW18: =SUM(E18:AV18) -> 454
B19: East Liberty | D19: 13 | E19: 5 | F19: 10 | G19: 2 | H19: 1 | I19: 24 | J19: 3 | K19: 26 | L19: 436 | M19: 7 | N19: 46 | O19: 1 | P19: 480 | Q19: 21 | R19: 25 | S19: 144 | T19: 0 | U19: 5 | V19: 0 | W19: 2 | X19: 12 | Y19: 1 | Z19: 0 | AA19: 0 | AB19: 0 | AC19: 0 | AD19: 1 | AE19: 0 | AF19: 3 | AG19: 0 | AH19: 0 | AI19: 0 | AJ19: 0 | AK19: 0 | AL19: 0 | AM19: 0 | AN19: 0 | AO19: 0 | AP19: 0 | AQ19: 0 | AR19: 31 | AS19: 13 | AT19: 27 | AU19: 7 | AV19: 4 | AW19: =SUM(E19:AV19) -> 1337
... B50: Allegheny County Southcentral | D50: 44 | E50: 42 | F50: 56 | G50: 6 | H50: 12 | I50: 31 | J50: 12 | K50: 10 | L50: 610 | M50: 35 | N50: 16 | O50: 2 | P50: 6989 | Q50: 16 | R50: 77 | S50: 58 | T50: 0 | U50: 1 | V50: 0 | W50: 1 | X50: 6 | Y50: 0 | Z50: 0 | AA50: 0 | AB50: 0 | AC50: 1 | AD50: 25 | AE50: 2 | AF50: 315 | AG50: 0 | AH50: 0 | AI50: 0 | AJ50: 0 | AK50: 0 | AL50: 0 | AM50: 0 | AN50: 0 | AO50: 0 | AP50: 19 | AQ50: 0 | AR50: 154 | AS50: 4 | AT50: 13 | AU50: 250 | AV50: 786 | AW50: =SUM(E50:AV50) -> 9549
D51: Total | E51: =SUM(E7:E50) -> 656 | F51: =SUM(F7:F50) -> 967 | G51: =SUM(G7:G50) -> 160 | H51: =SUM(H7:H50) -> 515 | I51: =SUM(I7:I50) -> 1679 | J51: =SUM(J7:J50) -> 257 | K51: =SUM(K7:K50) -> 820 | L51: =SUM(L7:L50) -> 16156 | ... AV51: =SUM(AV7:AV50) -> 1639 | AW51: =SUM(E51:AV51) -> 101097
D60: - - - - - Table 7b - 2045 Home-Based Work (HBW) Transit Person Trips - - - - -
B61: District Names | E61: Destination District
E62: 1 | F62: 2 | G62: 3 | H62: 4 | I62: 5 | J62: 6 | K62: 7 | L62: 8 | M62: 9 | N62: 10 | O62: 11 | P62: 12 | Q62: 13 | R62: 14 | S62: 15 | T62: 16 | U62: 17 | V62: 18 | W62: 19 | X62: 20 | Y62: 21 | Z62: 22 | AA62: 23 | AB62: 24 | AC62: 25 | AD62: 26 | AE62: 27 | AF62: 28 | AG62: 29 | AH62: 30 | AI62: 31 | AJ62: 32 | AK62: 33 | AL62: 34 | AM62: 35 | AN62: 36 | AO62: 37 | AP62: 38 | AQ62: 39 | AR62: 40 | AS62: 41 | AT62: 42 | AU62: 43 | AV62: 44 | AW62: Total
B63: Pittsburgh Chateau Area | C63: Origin District | D63: 1 | E63: 33 | F63: 52 | G63: 11 | H63: 14 | I63: 17 | J63: 5 | K63: 3 | L63: 127 | M63: 8 | N63: 4 | O63: 0 | P63: 1271 | Q63: 3 | R63: 28 | S63: 19 | T63: 0 | U63: 0 | V63: 0 | W63: 0 | X63: 1 | Y63: 0 | Z63: 0 | AA63: 0 | AB63: 0 | AC63: 0 | AD63: 1 | AE63: 0 | AF63: 18 | AG63: 0 | AH63: 0 | AI63: 0 | AJ63: 0 | AK63: 0 | AL63: 0 | AM63: 0 | AN63: 0 | AO63: 0 | AP63: 0 | AQ63: 0 | AR63: 47 | AS63: 1 | AT63: 2 | AU63: 26 | AV63: 12 | AW63: =SUM(E63:AV63) -> 1703
B64: Pittsburgh Lower North Side | D64: 2 | E64: 30 | F64: 39 | G64: 10 | H64: 3 | I64: 16 | J64: 5 | K64: 3 | L64: 150 | M64: 11 | N64: 5 | O64: 0 | P64: 1319 | Q64: 5 | R64: 56 | S64: 45 | T64: 0 | U64: 1 | V64: 0 | W64: 0 | X64: 1 | Y64: 0 | Z64: 0 | AA64: 0 | AB64: 0 | AC64: 0 | AD64: 1 | AE64: 0 | AF64: 10 | AG64: 0 | AH64: 0 | AI64: 0 | AJ64: 0 | AK64: 0 | AL64: 0 | AM64: 0 | AN64: 0 | AO64: 0 | AP64: 0 | AQ64: 0 | AR64: 59 | AS64: 1 | AT64: 3 | AU64: 32 | AV64: 8 | AW64: =SUM(E64:AV64) -> 1813
B65: Pittsburgh Upper North Side | D65: 3 | E65: 56 | F65: 120 | G65: 28 | H65: 26 | I65: 62 | J65: 8 | K65: 6 | L65: 267 | M65: 14 | N65: 9 | O65: 0 | P65: 2489 | Q65: 8 | R65: 80 | S65: 51 | T65: 0 | U65: 1 | V65: 0 | W65: 1 | X65: 2 | Y65: 0 | Z65: 0 | AA65: 0 | AB65: 0 | AC65: 0 | AD65: 1 | AE65: 0 | AF65: 27 | AG65: 0 | AH65: 0 | AI65: 0 | AJ65: 0 | AK65: 0 | AL65: 0 | AM65: 0 | AN65: 0 | AO65: 0 | AP65: 0 | AQ65: 0 | AR65: 96 | AS65: 2 | AT65: 5 | AU65: 39 | AV65: 15 | AW65: =SUM(E65:AV65) -> 3413
B66: Allegheny County Northwest | D66: 4 | E66: 111 | F66: 71 | G66: 21 | H66: 136 | I66: 63 | J66: 8 | K66: 7 | L66: 276 | M66: 11 | N66: 7 | O66: 0 | P66: 2982 | Q66: 6 | R66: 58 | S66: 29 | T66: 0 | U66: 1 | V66: 0 | W66: 0 | X66: 2 | Y66: 0 | Z66: 0 | AA66: 0 | AB66: 0 | AC66: 0 | AD66: 1 | AE66: 0 | AF66: 90 | AG66: 0 | AH66: 0 | AI66: 2 | AJ66: 13 | AK66: 0 | AL66: 0 | AM66: 0 | AN66: 0 | AO66: 0 | AP66: 1 | AQ66: 0 | AR66: 98 | AS66: 2 | AT66: 4 | AU66: 42 | AV66: 17 | AW66: =SUM(E66:AV66) -> 4059
B67: Allegheny County North (remainder) | D67: 5 | E67: 47 | F67: 134 | G67: 27 | H67: 29 | I67: 798 | J67: 19 | K67: 25 | L67: 941 | M67: 19 | N67: 49 | O67: 1 | P67: 7612 | Q67: 65 | R67: 211 | S67: 227 | T67: 0 | U67: 26 | V67: 2 | W67: 11 | X67: 9 | Y67: 1 | Z67: 0 | AA67: 0 | AB67: 0 | AC67: 0 | AD67: 1 | AE67: 0 | AF67: 21 | AG67: 0 | AH67: 1 | AI67: 0 | AJ67: 0 | AK67: 7 | AL67: 0 | AM67: 0 | AN67: 0 | AO67: 0 | AP67: 0 | AQ67: 37 | AR67: 221 | AS67: 14 | AT67: 81 | AU67: 48 | AV67: 18 | AW67: =SUM(E67:AV67) -> 10702
B68: Hazelwood | D68: 6 | E68: 5 | F68: 8 | G68: 1 | H68: 1 | I68: 5 | J68: 3 | K68: 42 | L68: 527 | M68: 19 | N68: 12 | O68: 5 | P68: 1093 | Q68: 9 | R68: 16 | S68: 21 | T68: 0 | U68: 1 | V68: 0 | W68: 1 | X68: 6 | Y68: 1 | Z68: 0 | AA68: 0 | AB68: 0 | AC68: 1 | AD68: 4 | AE68: 0 | AF68: 3 | AG68: 0 | AH68: 0 | AI68: 0 | AJ68: 0 | AK68: 0 | AL68: 0 | AM68: 0 | AN68: 0 | AO68: 0 | AP68: 0 | AQ68: 0 | AR68: 56 | AS68: 2 | AT68: 9 | AU68: 15 | AV68: 5 | AW68: =SUM(E68:AV68) -> 1871
B69: Squirrel Hill | D69: 7 | E69: 18 | F69: 27 | G69: 3 | H69: 5 | I69: 22 | J69: 155 | K69: 171 | L69: 3213 | M69: 42 | N69: 166 | O69: 15 | P69: 3480 | Q69: 149 | R69: 69 | S69: 210 | T69: 0 | U69: 8 | V69: 0 | W69: 6 | X69: 48 | Y69: 2 | Z69: 1 | AA69: 0 | AB69: 0 | AC69: 3 | AD69: 2 | AE69: 0 | AF69: 10 | AG69: 0 | AH69: 0 | AI69: 0 | AJ69: 0 | AK69: 0 | AL69: 0 | AM69: 0 | AN69: 0 | AO69: 0 | AP69: 0 | AQ69: 0 | AR69: 327 | AS69: 25 | AT69: 142 | AU69: 41 | AV69: 12 | AW69: =SUM(E69:AV69) -> 8372
B70: Oakland | D70: 8 | E70: 15 | F70: 27 | G70: 4 | H70: 3 | I70: 15 | J70: 44 | K70: 64 | L70: 1343 | M70: 51 | N70: 59 | O70: 2 | P70: 1800 | Q70: 40 | R70: 46 | S70: 120 | T70: 0 | U70: 2 | V70: 0 | W70: 2 | X70: 11 | Y70: 0 | Z70: 0 | AA70: 0 | AB70: 0 | AC70: 1 | AD70: 1 | AE70: 0 | AF70: 8 | AG70: 0 | AH70: 0 | AI70: 0 | AJ70: 0 | AK70: 0 | AL70: 0 | AM70: 0 | AN70: 0 | AO70: 0 | AP70: 0 | AQ70: 0 | AR70: 212 | AS70: 7 | AT70: 30 | AU70: 32 | AV70: 11 | AW70: =SUM(E70:AV70) -> 3950
B71: South Side | D71: 9 | E71: 13 | F71: 21 | G71: 2 | H71: 3 | I71: 8 | J71: 21 | K71: 16 | L71: 696 | M71: 33 | N71: 13 | O71: 1 | P71: 2084 | Q71: 10 | R71: 41 | S71: 41 | T71: 0 | U71: 1 | V71: 0 | W71: 1 | X71: 3 | Y71: 0 | Z71: 0 | AA71: 0 | AB71: 0 | AC71: 0 | AD71: 2 | AE71: 0 | AF71: 9 | AG71: 0 | AH71: 0 | AI71: 0 | AJ71: 0 | AK71: 0 | AL71: 0 | AM71: 0 | AN71: 0 | AO71: 0 | AP71: 0 | AQ71: 0 | AR71: 211 | AS71: 2 | AT71: 7 | AU71: 80 | AV71: 13 | AW71: =SUM(E71:AV71) -> 3332
B72: Shadyside | D72: 10 | E72: 9 | F72: 17 | G72: 2 | H72: 2 | I72: 18 | J72: 17 | K72: 83 | L72: 1347 | M72: 17 | N72: 47 | O72: 2 | P72: 1439 | Q72: 120 | R72: 64 | S72: 197 | T72: 0 | U72: 5 | V72: 0 | W72: 2 | X72: 16 | Y72: 1 | Z72: 0 | AA72: 0 | AB72: 0 | AC72: 0 | AD72: 1 | AE72: 0 | AF72: 4 | AG72: 0 | AH72: 0 | AI72: 0 | AJ72: 0 | AK72: 0 | AL72: 0 | AM72: 0 | AN72: 0 | AO72: 0 | AP72: 0 | AQ72: 0 | AR72: 147 | AS72: 19 | AT72: 84 | AU72: 17 | AV72: 5 | AW72: =SUM(E72:AV72) -> 3682
B73: Waterfront (West Homestead Homestead Munhall(part)) | D73: 11 | E73: 3 | F73: 5 | G73: 1 | H73: 1 | I73: 4 | J73: 47 | K73: 45 | L73: 324 | M73: 11 | N73: 11 | O73: 0 | P73: 386 | Q73: 10 | R73: 7 | S73: 17 | T73: 1 | U73: 2 | V73: 0 | W73: 4 | X73: 24 | Y73: 3 | Z73: 2 | AA73: 0 | AB73: 0 | AC73: 17 | AD73: 6 | AE73: 1 | AF73: 2 | AG73: 0 | AH73: 0 | AI73: 0 | AJ73: 0 | AK73: 0 | AL73: 0 | AM73: 0 | AN73: 0 | AO73: 0 | AP73: 0 | AQ73: 0 | AR73: 37 | AS73: 2 | AT73: 9 | AU73: 10 | AV73: 4 | AW73: =SUM(E73:AV73) -> 996
B74: Downtown | D74: 12 | E74: 19 | F74: 31 | G74: 5 | H74: 3 | I74: 10 | J74: 11 | K74: 7 | L74: 221 | M74: 20 | N74: 9 | O74: 1 | P74: 783 | Q74: 8 | R74: 34 | S74: 42 | T74: 0 | U74: 0 | V74: 0 | W74: 1 | X74: 3 | Y74: 0 | Z74: 0 | AA74: 0 | AB74: 0 | AC74: 0 | AD74: 1 | AE74: 0 | AF74: 9 | AG74: 0 | AH74: 0 | AI74: 0 | AJ74: 0 | AK74: 0 | AL74: 0 | AM74: 0 | AN74: 0 | AO74: 0 | AP74: 0 | AQ74: 0 | AR74: 82 | AS74: 2 | AT74: 5 | AU74: 40 | AV74: 11 | AW74: =SUM(E74:AV74) -> 1358
B75: East Liberty | D75: 13 | E75: 6 | F75: 11 | G75: 1 | H75: 1 | I75: 21 | J75: 10 | K75: 40 | L75: 520 | M75: 10 | N75: 65 | O75: 1 | P75: 588 | Q75: 54 | R75: 36 | S75: 160 | T75: 0 | U75: 5 | V75: 0 | W75: 2 | X75: 11 | Y75: 0 | Z75: 0 | AA75: 0 | AB75: 0 | AC75: 0 | AD75: 1 | AE75: 0 | AF75: 3 | AG75: 0 | AH75: 0 | AI75: 0 | AJ75: 0 | AK75: 0 | AL75: 0 | AM75: 0 | AN75: 0 | AO75: 0 | AP75: 0 | AQ75: 0 | AR75: 54 | AS75: 16 | AT75: 43 | AU75: 9 | AV75: 3 | AW75: =SUM(E75:AV75) -> 1671
... B106: Allegheny County Southcentral | D106: 44 | E106: 42 | F106: 53 | G106: 6 | H106: 12 | I106: 24 | J106: 41 | K106: 20 | L106: 1065 | M106: 40 | N106: 23 | O106: 2 | P106: 7599 | Q106: 18 | R106: 92 | S106: 57 | T106: 0 | U106: 1 | V106: 0 | W106: 1 | X106: 6 | Y106: 0 | Z106: 0 | AA106: 0 | AB106: 0 | AC106: 1 | AD106: 29 | AE106: 2 | AF106: 316 | AG106: 0 | AH106: 0 | AI106: 0 | AJ106: 0 | AK106: 0 | AL106: 0 | AM106: 0 | AN106: 0 | AO106: 0 | AP106: 16 | AQ106: 0 | AR106: 244 | AS106: 5 | AT106: 15 | AU106: 286 | AV106: 848 | AW106: =SUM(E106:AV106) -> 10864
D107: Total | E107: =SUM(E63:E106) -> 678 | F107: =SUM(F63:F106) -> 989 | G107: =SUM(G63:G106) -> 174 | H107: =SUM(H63:H106) -> 531 | I107: =SUM(I63:I106) -> 1608 | J107: =SUM(J63:J106) -> 836 | K107: =SUM(K63:K106) -> 1194 | L107: =SUM(L63:L106) -> 22740 | ... AV107: =SUM(AV63:AV106) -> 1713 | AW107: =SUM(E107:AV107) -> 122873
D116: - - - - - Table 7c - Change - 2020 To 2045 - Home-Based Work (HBW) Transit Person Trips - - - - -
B117: District Names | E117: Destination District
E118: 1 | F118: 2 | G118: 3 | H118: 4 | I118: 5 | J118: 6 | K118: 7 | L118: 8 | M118: 9 | N118: 10 | O118: 11 | P118: 12 | Q118: 13 | R118: 14 | S118: 15 | T118: 16 | U118: 17 | V118: 18 | W118: 19 | X118: 20 | Y118: 21 | Z118: 22 | AA118: 23 | AB118: 24 | AC118: 25 | AD118: 26 | AE118: 27 | AF118: 28 | AG118: 29 | AH118: 30 | AI118: 31 | AJ118: 32 | AK118: 33 | AL118: 34 | AM118: 35 | AN118: 36 | AO118: 37 | AP118: 38 | AQ118: 39 | AR118: 40 | AS118: 41 | AT118: 42 | AU118: 43 | AV118: 44 | AW118: Total
B119: Pittsburgh Chateau Area | C119: Origin District | D119: 1 | E119: =E63-E7 -> 4 | F119: =F63-F7 -> 3 | G119: =G63-G7 -> 1 | H119: =H63-H7 -> 0 | I119: =I63-I7 -> -3 | J119: =J63-J7 -> 3 | K119: =K63-K7 -> 1 | L119: =L63-L7 -> 50 | ... AV119: =AV63-AV7 -> 0 | AW119: =SUM(E119:AV119) -> 344
B120: Pittsburgh Lower North Side | D120: 2 | E120: =E64-E8 -> -1 | F120: =F64-F8 -> 2 | G120: =G64-G8 -> 1 | H120: =H64-H8 -> 0 | I120: =I64-I8 -> -4 | J120: =J64-J8 -> 4 | K120: =K64-K8 -> 0 | L120: =L64-L8 -> 31 | ... AV120: =AV64-AV8 -> -3 | AW120: =SUM(E120:AV120) -> 424
